,index,capacity_MW,depth_m,duration_hr,k_type,permeability_mD,porosity,thickness_m,RTE,kWh_in,kWh_out,kW_in_avg,kW_out_avg,kg_water_per_kWh,kg_CO2_per_kWh,kg_fuel_per_kWh,dp_well_avg,dp_pipe_f_avg,T_aquifer,T_cmp_out,errors,MWh_cushion_gas,T_store_init,T_cmp_out_avg,T_exp_out_avg,p_store_min,p_store_max,solve_time,iterations,m_dot,r_f
0,0,10.0,1402.35,10.0,expected,38.33,0.2292,62.44,0.8151646365127709,122674.58963289505,99999.98726745223,11838.08930501441,9999.991466660924,85.35471843913753,0.0,0.0,0.00969675682288501,0.0043453295276012285,,,false,502.0288669095463,316.02152033,355.63764081326144,316.02152032999993,14.0235,17.34005775,74.475417137146,23,25.87480543785736,23.83748588798861
1,1,20.0,1402.35,10.0,expected,38.33,0.2292,62.44,0.8146511740565778,245503.83686529222,199999.98893770485,23691.11024602977,19999.990442105674,85.38288197575058,0.0,0.0,0.020819517502362776,0.0159359209762783,,,false,1008.101276426214,316.02152033,355.6574566191463,316.02152032999993,14.0235,17.34005775,86.19530820846558,26,51.76669583051945,33.774038546649805
2,2,30.0,1402.35,10.0,expected,38.33,0.2292,62.44,0.8139663332344194,368565.577058356,299999.9713146179,35566.562814455625,29999.984165631187,85.41931457002931,0.0,0.0,0.03249405224936301,0.03432385531097625,,,false,1518.840734055254,316.02152033,355.6852961759526,316.02152032999993,14.0235,17.34005775,88.52375602722168,27,77.68317482459572,41.44737670311535
3,3,40.0,1402.35,10.0,expected,38.33,0.2292,62.44,0.8131178529122011,491933.5491281486,399999.95124255895,47471.57156796269,39999.981707471205,85.46372950483644,0.0,0.0,0.044538709675170665,0.05936880413478084,,,false,2034.7537621106417,316.02152033,355.72078499041316,316.02152032999993,14.0235,17.34005775,91.8844256401062,28,103.63142665067889,47.96045224892726
4,4,50.0,1402.35,10.0,expected,38.33,0.2292,62.44,0.8121090029137187,615680.7498387839,499999.8798647454,59413.16512616148,49999.96506793278,85.51607827235968,0.0,0.0,0.056870040386961064,0.09100256044923605,,,false,2556.3168946311125,316.02152033,355.7637492339399,316.02152032999993,14.0235,17.34005775,91.43235564231873,28,129.61861386895936,53.74005164577498
5,5,60.0,1402.35,10.0,expected,38.33,0.2292,62.44,0.8109423478370918,739879.8054386987,599999.866539709,71398.38161024706,59999.97017075894,85.5764210706676,0.0,0.0,0.06944126606710968,0.12918648595951424,,,false,3083.99643085755,316.02152033,355.813975988178,316.02152032999993,14.0235,17.34005775,94.82477617263794,29,155.65210782279684,59.004979674919035
6,6,70.0,1402.35,10.0,expected,38.33,0.2292,62.44,0.8096197844891194,864603.2136865027,699999.8675334663,83434.19775390052,69999.976377757,85.64488515504807,0.0,0.0,0.08222342612453427,0.17389676340861038,,,false,3618.257303096069,316.02152033,355.8712605043713,316.02152032999993,14.0235,17.34005775,96.43389511108398,30,181.73942185988435,63.88526104850609
7,7,80.0,1402.35,10.0,expected,38.33,0.2292,62.44,0.8081428168881998,989923.7541065479,799999.7711482072,95527.62752183391,79999.964762841,85.7216493275089,0.0,0.0,0.09519772320863507,0.22511874796868347,,,false,4159.569278771843,316.02152033,355.9353964472742,316.02152032999993,14.0235,17.34005775,97.01403284072876,30,207.88835078847833,68.46572123963614
8,8,90.0,1402.35,10.0,expected,38.33,0.2292,62.44,0.8065126629641308,1115915.0614300468,899999.6278357287,107685.78760869894,89999.94956236433,85.80693791152596,0.0,0.0,0.10835179249849651,0.28284480221087555,,,false,4708.412404397475,316.02152033,356.0061725262144,316.02152032999993,14.0235,17.34005775,96.01336288452148,30,234.10707345847263,72.80542602361307
9,9,100.0,1402.35,10.0,expected,38.33,0.2292,62.44,0.804730290224659,1242651.9853856342,999999.6928476302,119915.91100774339,99999.96462986087,85.90101890339902,0.0,0.0,0.1216776322636238,0.3470735563444319,,,false,5265.280825878884,316.02152033,356.0833717680379,316.02152032999993,14.0235,17.34005775,98.84388661384583,31,260.4041987303359,76.9475493078053
10,10,110.0,1402.35,10.0,expected,38.33,0.2292,62.44,0.8027964321731254,1370209.8013953436,1099999.5398888285,132225.2434876953,109999.95203641923,86.00420353615273,0.0,0.0,0.13517024937434935,0.4178092537286727,,,false,5830.681133947377,316.02152033,356.1667713372692,316.02152032999993,14.0235,17.34005775,97.79930758476257,31,286.7886851699708,80.92485033191035
11,11,120.0,1402.35,10.0,expected,38.33,0.2292,62.44,0.8007115227776841,1498666.6355160829,1199999.643860191,144621.33418748726,119999.96758901898,86.11685062338162,0.0,0.0,0.14882718423152724,0.4950637329532562,,,false,6405.1448809889225,316.02152033,356.2561456783912,316.02152032999993,14.0235,17.34005775,101.91065573692322,32,313.27018991192216,84.76299182974385
12,12,130.0,1402.35,10.0,expected,38.33,0.2292,62.44,0.7984756956509476,1628101.5198730887,1299999.4936710296,157111.8064182892,129999.95743504717,86.2393680177319,0.0,0.0,0.1626477397661005,0.5788558272738643,,,false,6989.2216041695665,316.02152033,356.3512665906999,316.02152032999993,14.0235,17.34005775,100.76841449737549,32,339.8588554856635,88.48257209555703
13,13,140.0,1402.35,10.0,expected,38.33,0.2292,62.44,0.796088690442407,1758597.1403091562,1399999.2944444781,169704.64261632692,139999.94476935588,86.37221967692145,0.0,0.0,0.17663293068172808,0.6692140129295427,,,false,7583.492900425291,316.02152033,356.45190703494666,316.02152032999993,14.0235,17.34005775,100.06159710884094,32,366.5656575452014,92.10052844934567
14,14,150.0,1402.35,10.0,expected,38.33,0.2292,62.44,0.7935497981161016,1890239.8899293474,1499999.4830444357,182408.16798760995,149999.9636075605,86.51593146472246,0.0,0.0,0.19078520886720476,0.7661774963487764,,,false,8188.574666420644,316.02152033,356.5578429194517,316.02152032999993,14.0235,17.34005775,102.52722811698914,33,393.40243019365147,95.63106415637765
15,15,160.0,1402.35,10.0,expected,38.33,0.2292,62.44,0.7908578129375926,2023118.7872537796,1599999.2994004788,195230.99159913242,159999.9534028264,86.67109741719212,0.0,0.0,0.20510820168511049,0.8697968687068769,,,false,8805.11428769493,316.02152033,356.6688542713692,316.02152032999993,14.0235,17.34005775,103.15053939819336,33,420.3818519327678,99.08628738976499
16,16,170.0,1402.35,10.0,expected,38.33,0.2292,62.44,0.788010898915716,2157329.3763364097,1699999.0611041351,208182.3271118696,169999.94064848707,86.83839199940229,0.0,0.0,0.21960692906457224,0.9801378686067858,,,false,9433.810810352175,316.02152033,356.7847295222156,316.02152032999993,14.0235,17.34005775,102.4735426902771,33,447.5178500518623,102.47673913099369
17,17,180.0,1402.35,10.0,expected,38.33,0.2292,62.44,0.7850065062393433,2292973.771706107,1799999.3294254607,221272.00337175225,179999.96092791646,87.01858098266196,0.0,0.0,0.23428770324439546,1.0972830654987555,,,false,10075.418096204536,316.02152033,356.90526714371913,316.02152032999993,14.0235,17.34005775,107.43259477615356,34,474.82568014919593,105.8117417244708
18,18,190.0,1402.35,10.0,expected,38.33,0.2292,62.44,0.7818412887588748,2430159.5993501055,1899999.1130456373,234510.44945553655,189999.95028988575,87.21253377605736,0.0,0.0,0.2491580148435266,1.2213332235513437,,,false,10730.74317778667,316.02152033,357.030276689971,316.02152032999993,14.0235,17.34005775,106.54131484031677,34,502.32199214763284,109.09965109627954
19,19,200.0,1402.35,10.0,expected,38.33,0.2292,62.44,0.77851090870015,2569005.534438841,1999998.8330716968,247909.10035336282,199999.93677837643,87.42124462840694,0.0,0.0,0.2642269265880796,1.3524127319111523,,,false,11400.675785297588,316.02152033,357.1595835829971,316.02152032999993,14.0235,17.34005775,105.55180382728577,34,530.0253682199656,112.3481337243714
20,20,210.0,1402.35,10.0,expected,38.33,0.2292,62.44,0.7750098943236122,2709641.7550475555,2099999.170234253,261480.4799038697,209999.95761449265,87.64585336630803,0.0,0.0,0.279505103928221,1.490672571242741,,,false,12086.195359166675,316.02152033,357.29303079225633,316.02152032999993,14.0235,17.34005775,113.47206139564514,35,557.9565354266322,115.56433271523493
21,21,220.0,1402.35,10.0,expected,38.33,0.2292,62.44,0.7713314826275455,2852209.4061537664,2199998.9100128156,275238.2759916038,219999.9455921796,87.88767007904762,0.0,0.0,0.2950048380055841,1.636293272630557,,,false,12788.374122757417,316.02152033,357.4304800792109,316.02152032999993,14.0235,17.34005775,112.04269242286682,35,586.13859989866,118.7549941497394
22,22,230.0,1402.35,10.0,expected,38.33,0.2292,62.44,0.7674673035033238,2996868.476356304,2299998.568503287,289197.89977485006,229999.92986427856,88.14821420120572,0.0,0.0,0.3107406485644867,1.7894933480256352,,,false,13508.421167073333,316.02152033,357.5718178317057,316.02152032999993,14.0235,17.34005775,112.27171993255615,35,614.5978437149597,121.92667256275278
23,23,240.0,1402.35,10.0,expected,38.33,0.2292,62.44,0.7634070988443152,3143799.644430616,2399998.9659025664,303376.73468385084,239999.95117291194,88.4292570049823,0.0,0.0,0.3267295200321377,1.950535322495591,,,false,14247.700133829168,316.02152033,357.7169576604056,316.02152032999993,14.0235,17.34005775,114.53763151168823,36,643.3642395954648,125.08584668364647
24,24,250.0,1402.35,10.0,expected,38.33,0.2292,62.44,0.759138385612272,3293205.3958278038,2499998.627678342,317794.4134596771,249999.93574132456,88.73287463130507,0.0,0.0,0.3429911640567773,2.119732546833269,,,false,15007.745190423038,316.02152033,357.8658429078483,316.02152032999993,14.0235,17.34005775,114.87417960166931,36,672.4720652673528,128.23902063071006
25,25,260.0,1402.35,10.0,expected,38.33,0.2292,62.44,0.7546458428116168,3445323.4027910414,2599998.9830578333,332473.77881289,259999.95339379943,89.06152997730209,0.0,0.0,0.35954909733691837,2.297464934640601,,,false,15790.339260999395,316.02152033,358.01845590459476,316.02152032999993,14.0235,17.34005775,116.31571912765503,37,701.9613567220906,131.39296059257825
26,26,270.0,1402.35,10.0,expected,38.33,0.2292,62.44,0.7499107652851542,3600426.5400209464,2699998.621980088,347441.2570329977,269999.93673912046,89.41816303983845,0.0,0.0,0.376430999034325,2.4841893086059064,,,false,16597.531866083955,316.02152033,358.1748208051655,316.02152032999993,14.0235,17.34005775,115.50962281227112,37,731.8788568681937,134.5547812594858
27,27,280.0,1402.35,10.0,expected,38.33,0.2292,62.44,0.7449100651358005,3758840.4866276667,2799998.111728899,362728.23863814585,279999.91281920765,89.80633233071829,0.0,0.0,0.39367026119821347,2.6804636073183747,,,false,17431.748246257703,316.02152033,358.33501639277966,316.02152032999993,14.0235,17.34005775,116.29005908966064,37,762.2802506229251,137.7322381369521
28,28,290.0,1402.35,10.0,expected,38.33,0.2292,62.44,0.7396150671781729,3920956.5026059644,2899998.5070776045,378372.40744382347,289999.9311398244,90.23039855223975,0.0,0.0,0.4113074432372511,2.8869733828808513,,,false,18295.883734730713,316.02152033,358.4991877290294,316.02152032999993,14.0235,17.34005775,119.54802465438843,38,793.2326213971492,140.93398180824974
29,29,300.0,1402.35,10.0,expected,38.33,0.2292,62.44,0.7339898408348183,4087248.3598417826,2999998.7730926424,394419.5530891141,299999.94299898343,90.69578198474312,0.0,0.0,0.4293922593444593,3.104567858992029,,,false,19193.42992069268,316.02152033,358.6675619135861,316.02152032999993,14.0235,17.34005775,119.67772006988525,39,824.8178428102108,144.1698899724527
30,30,310.0,1402.35,10.0,expected,38.33,0.2292,62.44,0.72798863520971,4258305.734075008,3099998.1796549475,410926.63023131364,309999.91369266243,91.20934938726599,0.0,0.0,0.44798699059338254,3.334317654207167,,,false,20128.70104151024,316.02152033,358.84047556742684,316.02152032999993,14.0235,17.34005775,121.66655015945435,39,857.1379722596719,147.45162901122086
31,31,320.0,1402.35,10.0,expected,38.33,0.2292,62.44,0.7215520480521758,4434882.229258236,3199998.3553914786,427966.24873888073,319999.920491965,91.77999747587847,0.0,0.0,0.46717149168738514,3.577600211022439,,,false,21107.163322542558,316.02152033,359.0184151870094,316.02152032999993,14.0235,17.34005775,122.23985362052917,40,890.3232400222599,150.79345826866796
32,32,330.0,1402.35,10.0,expected,38.33,0.2292,62.44,0.7146012927768199,4617957.502345311,3299998.4011643743,445633.007793233,329999.9206974788,92.41954761287083,0.0,0.0,0.48705020829884804,3.8362231450868887,,,false,22135.880779649913,316.02152033,359.20207333533165,316.02152032999993,14.0235,17.34005775,126.40139603614807,41,924.5437565113435,154.2133358858218
33,33,340.0,1402.35,10.0,expected,38.33,0.2292,62.44,0.7070284729421987,4808856.253996681,3399998.2938618157,464054.74224470713,339999.91271591815,93.14425033906352,0.0,0.0,0.5077647281965172,4.112637800641169,,,false,23224.331467424174,316.02152033,359.39245025457143,316.02152032999993,14.0235,17.34005775,128.80129742622375,42,960.02967403373,157.73490207866644
34,34,350.0,1402.35,10.0,expected,38.33,0.2292,62.44,0.6986798017765065,5009444.866673235,3499997.9464575937,483411.5629162392,349999.8911448594,93.97741271365832,0.0,0.0,0.529514995598163,4.410302628910788,,,false,24385.770826829954,316.02152033,359.5910257414251,316.02152032999993,14.0235,17.34005775,131.24598145484924,43,997.1057144503502,161.39081017565726
35,35,360.0,1402.35,10.0,expected,38.33,0.2292,62.44,0.6893237202001599,5222507.25702251,3599998.131183089,503972.0676755437,359999.89696069696,94.95441969407231,0.0,0.0,0.552599687563032,4.7343713594730135,,,false,25639.82334037535,316.02152033,359.80008741684475,316.02152032999993,14.0235,17.34005775,138.00283527374268,45,1036.256736120422,165.22905990168994
36,36,370.0,1402.35,10.0,expected,38.33,0.2292,62.44,0.6785836007632614,5452530.415375546,3699997.7225367394,526169.3223459866,369999.8687758598,96.13342606220961,0.0,0.0,0.5775009254052225,5.093134597293927,,,false,27017.895586930877,316.02152033,360.02342100038334,316.02152032999993,14.0235,17.34005775,143.65811729431152,47,1078.2657521678657,169.32628264125836
37,37,380.0,1402.35,10.0,expected,38.33,0.2292,62.44,0.6657690969276436,5707681.430324686,3799997.9114179476,550791.3774946508,379999.8735649187,97.62233530228774,0.0,0.0,0.6050967877698088,5.501619912050298,,,false,28576.734533771472,316.02152033,360.2680472593734,316.02152032999993,14.0235,17.34005775,155.42927598953247,51,1124.559557688673,173.8210744498721
38,38,390.0,1402.35,10.0,expected,38.33,0.2292,62.44,0.6493227357856641,6006254.920538562,3899997.8768302063,579603.7129252867,389999.8637804932,99.66816003098712,0.0,0.0,0.6373556183448819,5.993322685186111,,,false,30442.55541088608,316.02152033,360.54991009275443,316.02152032999993,14.0235,17.34005775,176.6883420944214,58,1178.3402593811138,179.02298520074095
39,39,400.0,1402.35,10.0,expected,38.33,0.2292,62.44,0.6234014444038253,6416407.956098147,3999997.987715781,619183.4626652901,399999.8600792787,103.21488982413842,0.0,0.0,0.6816138093580879,6.69218349801597,,,false,33081.995330217345,316.02152033,360.9290244903179,316.02152032999993,14.0235,17.34005775,256.5115134716034,82,1251.5609745828972,186.084688177585
40,40,410.0,1402.35,10.0,expected,38.33,0.2292,62.44,0.0,13224925.265965095,0.0,936962.6301233342,,inf,,,1.0586504678905975,13.223786970674034,,,true,80066.76395089185,316.02152033,363.63681528949155,316.02152032999993,14.0235,17.34005775,127.65492081642151,40,,inf
41,41,420.0,1402.35,10.0,expected,38.33,0.2292,62.44,0.0,61689895.26073692,0.0,1147692.9029394514,,inf,,,1.4212086257933185,18.512149992552487,,,true,451238.20162855263,316.02152033,365.1598361859908,316.02152032999993,14.0235,17.34005775,97.69112014770508,30,,inf
42,42,430.0,1402.35,10.0,expected,38.33,0.2292,62.44,0.0,13648604.791581796,0.0,957413.6286655378,,inf,,,1.0826428137235258,13.697420458163547,,,true,83567.08079760522,316.02152033,363.79207640461624,316.02152032999993,14.0235,17.34005775,83.31026935577393,26,,inf
43,43,440.0,1402.35,10.0,expected,38.33,0.2292,62.44,0.0,12857825.47159462,0.0,943521.4531071021,,inf,,,1.0634440352136882,13.373367706959078,,,true,78015.70894852323,316.02152033,363.68643098471284,316.02152032999993,14.0235,17.34005775,76.88079690933228,24,,inf
44,44,450.0,1402.35,10.0,expected,38.33,0.2292,62.44,0.0,25400663.98087484,0.0,1057304.6336399072,,inf,,,1.2403935365615084,16.131634575516603,,,true,168192.4385732051,316.02152033,364.5274924869906,316.02152032999993,14.0235,17.34005775,74.0287413597107,23,,inf
45,45,460.0,1402.35,10.0,expected,38.33,0.2292,62.44,0.0,19017772.601345837,0.0,1019435.2980436459,,inf,,,1.175105772600843,15.185761426403246,,,true,121802.62189312518,316.02152033,364.2533802512987,316.02152032999993,14.0235,17.34005775,69.52103781700134,22,,inf
46,46,470.0,1402.35,10.0,expected,38.33,0.2292,62.44,0.0,12053298.828879204,0.0,942390.8553340116,,inf,,,1.0573737224648851,13.344606542312858,,,true,72922.91770398378,316.02152033,363.6771681919189,316.02152032999993,14.0235,17.34005775,66.72916746139526,21,,inf
47,47,480.0,1402.35,10.0,expected,38.33,0.2292,62.44,0.0,338968030.6959089,0.0,1260093.3135354628,,inf,,,1.7262080454341364,21.7862223126757,,,true,3024052.8868345474,316.02152033,365.9085858066532,316.02152032999993,14.0235,17.34005775,68.1611258983612,21,,inf
48,48,490.0,1402.35,10.0,expected,38.33,0.2292,62.44,0.0,12781198.324387696,0.0,968227.3378512134,,inf,,,1.0889750623367143,13.946609177706192,,,true,78484.25846223268,316.02152033,363.87250075345116,316.02152032999993,14.0235,17.34005775,63.675727128982544,20,,inf
49,49,500.0,1402.35,10.0,expected,38.33,0.2292,62.44,0.0,33800019.81383494,0.0,1110930.5838147595,,inf,,,1.3247111184957598,17.506084667559747,,,true,234071.68123698095,316.02152033,364.9041038685266,316.02152032999993,14.0235,17.34005775,61.16906690597534,20,,inf
50,50,10.0,1402.35,24.0,expected,38.33,0.2292,62.44,0.8151453966120673,294426.0257600735,240000.01954110985,11838.368717499034,9999.991464731233,85.35597420323126,0.0,0.0,0.010589556280825514,0.004345487322687102,,,false,1205.2251407797296,316.02152033,355.63814978880487,316.02152032999993,14.0235,17.34005775,73.4610047340393,23,25.87518611322132,36.93416133370209
51,51,20.0,1402.35,24.0,expected,38.33,0.2292,62.44,0.814612660301692,589237.1132233782,480000.01235138543,23692.219011353412,19999.980888382306,85.38540547236488,0.0,0.0,0.022606228229892934,0.015937086481852582,,,false,2420.8786748392804,316.02152033,355.65846970916937,316.02152032999993,14.0235,17.34005775,76.34437298774719,25,51.768213434068684,52.33757153916104
52,52,30.0,1402.35,24.0,expected,38.33,0.2292,62.44,0.8139088210201014,884619.9336888083,719999.9672795383,35569.07599388316,29999.984152285837,85.42312348315546,0.0,0.0,0.035176187777494594,0.03432773291037908,,,false,3648.478115538332,316.02152033,355.6867718913768,316.02152032999993,14.0235,17.34005775,81.75572609901428,27,77.68663876000397,64.23787067091294
53,53,40.0,1402.35,24.0,expected,38.33,0.2292,62.44,0.8130410400618059,1180752.0979574644,959999.9137784962,47476.05646564867,39999.98168586944,85.46884628166362,0.0,0.0,0.04811811628360976,0.05937790351001155,,,false,4889.266081822507,316.02152033,355.72274018900515,316.02152032999993,14.0235,17.34005775,85.14162945747375,28,103.63763111301472,74.34326983710152
54,54,50.0,1402.35,24.0,expected,38.33,0.2292,62.44,0.812012781528797,1477808.9496722943,1199999.7557915496,59420.20536880256,49999.96501609711,85.52253102471171,0.0,0.0,0.06134894216161642,0.09102030767008464,,,false,6144.413848018653,316.02152033,355.7661763725118,316.02152032999993,14.0235,17.34005775,84.8376955986023,28,129.6283943814227,83.31469613423477
55,55,60.0,1402.35,24.0,expected,38.33,0.2292,62.44,0.8108265788260529,1775965.099638077,1439999.7058540122,71408.5757330298,59999.97011445975,85.58424366802332,0.0,0.0,0.07482226631853482,0.12921728035885682,,,false,7415.0714020006435,316.02152033,355.81686695847077,316.02152032999993,14.0235,17.34005775,89.32514262199402,29,155.6663360120804,91.49097277204433
56,56,70.0,1402.35,24.0,expected,38.33,0.2292,62.44,0.8094842931717522,2075395.049205205,1679999.6944580292,83448.16288709799,69999.97632242877,85.65411759800158,0.0,0.0,0.0885095128080858,0.17394606146919198,,,false,8702.389021324447,316.02152033,355.8746067777571,316.02152032999993,14.0235,17.34005775,91.66452431678772,30,181.7590131371648,99.07344395893556
57,57,80.0,1402.35,24.0,expected,38.33,0.2292,62.44,0.8079873878107334,2376274.046561208,1919999.4596034316,95546.00364827314,79999.96466686326,85.73233821843762,0.0,0.0,0.10239228156986091,0.22519316132669018,,,false,10007.531804106698,316.02152033,355.9391892282261,316.02152032999993,14.0235,17.34005775,91.78465247154236,30,207.91427288905822,106.19346774143816
58,58,90.0,1402.35,24.0,expected,38.33,0.2292,62.44,0.8063370339039734,2678779.488094465,2159999.106912895,107709.24256693301,89999.94940462628,85.81913702867834,0.0,0.0,0.11645862336108348,0.2829522113951047,,,false,11331.69307086685,316.02152033,356.0104029146257,316.02152032999993,14.0235,17.34005775,93.56571054458618,30,234.1403561052926,112.94252137196716
59,59,100.0,1402.35,24.0,expected,38.33,0.2292,62.44,0.8045341454050433,2983091.849703668,2399999.2519660904,119945.14625812936,99999.96449768604,85.91478988512009,0.0,0.0,0.1307009722887552,0.3472232416648545,,,false,12676.104086300764,316.02152033,356.08803092788264,316.02152032999993,14.0235,17.34005775,95.04136443138123,31,260.4459445294094,119.3874830403275
60,60,110.0,1402.35,24.0,expected,38.33,0.2292,62.44,0.8025793948807747,3289392.7842141795,2639998.870279803,132261.00021598316,109999.95183385468,86.01961667158409,0.0,0.0,0.1451147838770404,0.4180120420463574,,,false,14042.030281674679,316.02152033,356.1718506636634,316.02152032999993,14.0235,17.34005775,96.6953592300415,31,286.8400813802558,125.57911294770102
61,61,120.0,1402.35,24.0,expected,38.33,0.2292,62.44,0.8004731464011943,3597870.9981493317,2879999.118234201,144664.40140827658,119999.96742749069,86.13398583302896,0.0,0.0,0.15969808381181033,0.4953321716132029,,,false,15430.802042956522,316.02152033,356.2616369849199,316.02152032999993,14.0235,17.34005775,100.16112637519836,32,313.3325230346609,131.5571924600588
62,62,130.0,1402.35,24.0,expected,38.33,0.2292,62.44,0.7982154541460939,3908717.5327458107,3119998.7405294967,157163.02915953842,129999.9571974682,86.25831596755864,0.0,0.0,0.1744506796111299,0.5792043765035322,,,false,16843.797990244948,316.02152033,356.3571622866955,316.02152032999993,14.0235,17.34005775,99.79339861869812,32,339.93352673966587,137.35366971910136
63,63,140.0,1402.35,24.0,expected,38.33,0.2292,62.44,0.7958059668076783,4222132.502800494,3359998.2383812703,169764.93266605661,139999.9444252348,86.39308314787934,0.0,0.0,0.18937413394964067,0.6696592752963306,,,false,18282.480041570372,316.02152033,356.45820032476183,316.02152032999993,14.0235,17.34005775,100.83512163162231,32,366.65420213810313,142.99483491626162
64,64,150.0,1402.35,24.0,expected,38.33,0.2292,62.44,0.7932438712880284,4538325.266480507,3599998.703547271,182478.51621025146,149999.96334250274,86.5388269725541,0.0,0.0,0.20447149025138728,0.7667384818381844,,,false,19748.399528460435,316.02152033,356.56452800729875,316.02152032999993,14.0235,17.34005775,103.70675110816956,33,393.50653955466385,148.50275609509836
65,65,160.0,1402.35,24.0,expected,38.33,0.2292,62.44,0.7905278430152742,4857511.689929395,3839998.238661364,195312.48144349907,159999.95302537843,86.69615711756701,0.0,0.0,0.21974700698608365,0.8704952957593923,,,false,21243.19037104843,316.02152033,356.6759265665932,316.02152032999993,14.0235,17.34005775,100.87167930603027,33,420.5033987987707,153.89626757448218
66,66,170.0,1402.35,24.0,expected,38.33,0.2292,62.44,0.7876559090320606,5179923.85734675,4079997.634575312,208276.15247892446,169999.94011449465,86.86576604209506,0.0,0.0,0.2352064036751839,0.9809985330513038,,,false,22768.620115353413,316.02152033,356.79218588109126,316.02152032999993,14.0235,17.34005775,103.96822547912598,33,447.6589202789454,159.1917917452063
67,67,180.0,1402.35,24.0,expected,38.33,0.2292,62.44,0.7846253613795433,5505810.184499482,4319998.305700076,221379.4894355478,179999.96051853418,87.04844034111301,0.0,0.0,0.2508567638537388,1.0983342751642091,,,false,24326.598470995985,316.02152033,356.9131061284519,316.02152032999993,14.0235,17.34005775,105.53293085098267,34,474.9886102156553,164.40387952985515
68,68,190.0,1402.35,24.0,expected,38.33,0.2292,62.44,0.7814326710816148,5835432.691842947,4559997.755303812,234633.07621636655,189999.94971176315,87.24507364599842,0.0,0.0,0.26670642158282293,1.2226073035851197,,,false,25919.17349159551,316.02152033,357.0384988416351,316.02152032999993,14.0235,17.34005775,106.92294454574585,34,502.5094127500488,169.54560041283753
69,69,200.0,1402.35,24.0,expected,38.33,0.2292,62.44,0.7780732865314598,6169080.889035438,4799997.042210223,248048.53417337008,199999.93596226434,87.45668869544326,0.0,0.0,0.2827653945258353,1.353946663070239,,,false,27548.606966619805,316.02152033,357.16819176595294,316.02152032999993,14.0235,17.34005775,104.04084157943726,34,530.2402606089521,174.62897849614274
70,70,210.0,1402.35,24.0,expected,38.33,0.2292,62.44,0.7745414846746069,6507072.883103932,5039997.891765195,261638.6113499733,209999.95697742046,87.6844590638099,0.0,0.0,0.29904542632927994,1.4925087630786664,,,false,29217.39305293161,316.02152033,357.3020305878955,316.02152032999993,14.0235,17.34005775,108.47692155838013,35,558.2022997861371,179.6652516244611
71,71,220.0,1402.35,24.0,expected,38.33,0.2292,62.44,0.770830205845426,6849753.923035907,5279997.226484283,275417.2644108022,219999.94468307032,87.92973508733023,0.0,0.0,0.31556002054136817,1.6384804921436988,,,false,30928.266761041792,316.02152033,357.4398802313188,316.02152032999993,14.0235,17.34005775,110.72086119651794,35,586.4191377551025,184.6650681570408
72,72,230.0,1402.35,24.0,expected,38.33,0.2292,62.44,0.7669307247126136,7197516.247591484,5519996.351896148,289400.23382636986,229999.9285600598,88.19408481296152,0.0,0.0,0.33232510310700564,1.7920879296865357,,,false,32684.317474469048,316.02152033,357.5816308411787,316.02152032999993,14.0235,17.34005775,107.92659306526184,35,614.91766670455,189.6388167733208
73,73,240.0,1402.35,24.0,expected,38.33,0.2292,62.44,0.7628323542633806,7550803.693005759,5759997.357716212,303605.3079870095,239999.95011252767,88.47933879015405,0.0,0.0,0.3493592916390311,1.95360268902029,,,false,34489.03565320021,316.02152033,357.7272005132894,316.02152032999993,14.0235,17.34005775,109.89576196670532,36,643.7286066044402,194.59681134070837
74,74,250.0,1402.35,24.0,expected,38.33,0.2292,62.44,0.758522089414255,7910114.379947888,5999996.486983816,318052.6181805141,249999.93418233976,88.78764613603815,0.0,0.0,0.36668419542816194,2.1233491140652854,,,false,36346.3552883514,316.02152033,357.8765379596363,316.02152032999993,14.0235,17.34005775,111.06218123435974,36,672.8871551750482,199.54945343266462
75,75,260.0,1402.35,24.0,expected,38.33,0.2292,62.44,0.7539839617135877,8276034.644155305,6239997.388279119,332765.6375819689,259999.952068602,89.1215610815382,0.0,0.0,0.38432560774409635,2.3017207101869013,,,false,38260.85727544244,316.02152033,358.0296321306664,316.02152032999993,14.0235,17.34005775,112.49408221244812,37,702.4345055210682,204.50762160056186
76,76,270.0,1402.35,24.0,expected,38.33,0.2292,62.44,0.7491984560795195,8649238.929250363,6479996.452057249,347771.5882738369,269999.9347182186,89.48413919287346,0.0,0.0,0.40231392284186684,2.4891912133381866,,,false,40237.81844567746,316.02152033,358.18651534495586,316.02152032999993,14.0235,17.34005775,111.63267207145691,37,732.4188624411761,209.48281424701113
77,77,280.0,1402.35,24.0,expected,38.33,0.2292,62.44,0.7441414289688479,9030537.727584327,6719997.248961694,363102.9544917709,279999.94965628703,89.87908971441162,0.0,0.0,0.42068594666943826,2.686340923569113,,,false,42283.51352220008,316.02152033,358.3472774153625,316.02152032999993,14.0235,17.34005775,118.2395350933075,38,762.8978688026544,214.4876596432428
78,78,290.0,1402.35,24.0,expected,38.33,0.2292,62.44,0.7387829221116459,9420894.713259066,6959996.125167688,378798.5920347553,289999.928202294,90.3109642090872,0.0,0.0,0.43948614885345916,2.8938809309183546,,,false,44405.38767883838,316.02152033,358.51207487453286,316.02152032999993,14.0235,17.34005775,119.42805099487305,38,793.9408854121307,219.53623630529856
79,79,300.0,1402.35,24.0,expected,38.33,0.2292,62.44,0.733085155938195,9821501.27728887,7199996.795408493,394906.29411543504,299999.94010630925,90.78545065107515,0.0,0.0,0.4587697233964546,3.1126998828488457,,,false,46612.55142001151,316.02152033,358.68115448951426,316.02152032999993,14.0235,17.34005775,122.95680522918701,39,825.633315738501,224.64485858816124
80,80,310.0,1402.35,24.0,expected,38.33,0.2292,62.44,0.7269999641581245,10233831.616229761,7439995.218199318,411485.4561425186,309999.90867067414,91.30977609059953,0.0,0.0,0.4786056808821262,3.3439179523052007,,,false,48916.22866502463,316.02152033,358.85487632746793,316.02152032999993,14.0235,17.34005775,121.67752170562744,39,858.0817231743341,229.83281922158483
81,81,320.0,1402.35,24.0,expected,38.33,0.2292,62.44,0.7204645104840564,10659783.412000889,7679995.637793285,428612.25416905084,319999.9149091951,91.89335227799931,0.0,0.0,0.4990830060944671,3.588983537440999,,,false,51330.72485352073,316.02152033,359.0337609057474,316.02152032999993,14.0235,17.34005775,125.35447120666504,40,891.4228445525997,235.1238918272855
82,82,330.0,1402.35,24.0,expected,38.33,0.2292,62.44,0.713394993900171,11101838.074921016,7919995.7057389645,446386.5315121895,329999.9139121834,92.54876055366418,0.0,0.0,0.5203187467111383,3.8498076920406628,,,false,53874.62936791926,316.02152033,359.21855041689264,316.02152032999993,14.0235,17.34005775,130.56864953041077,41,925.8363633361954,240.5482470578573
83,83,340.0,1402.35,24.0,expected,38.33,0.2292,62.44,0.7056758276077074,11563376.584556645,8159995.341246596,464944.23365161987,339999.90349589445,93.293428692102,0.0,0.0,0.5424727349134252,4.129000345408021,,,false,56573.06190537409,316.02152033,359.41032139981246,316.02152032999993,14.0235,17.34005775,131.7586874961853,42,961.5672292851435,246.14595873709646
84,84,350.0,1402.35,24.0,expected,38.33,0.2292,62.44,0.6971406464662155,12049213.361657847,8399996.392355513,484478.88800063654,349999.92246631824,94.15260687449717,0.0,0.0,0.5657729820571644,4.430279886897625,,,false,59461.5055142229,316.02152033,359.6106793357823,316.02152032999993,14.0235,17.34005775,133.2111575603485,44,998.9645791980483,251.97301452360074
85,85,360.0,1402.35,24.0,expected,38.33,0.2292,62.44,0.6875358111704571,12566610.268843863,8639994.584852561,505282.60086059605,359999.8786041535,95.16513673761348,0.0,0.0,0.5905641432341306,4.759253800473834,,,false,62593.084782828744,316.02152033,359.82213086244644,316.02152032999993,14.0235,17.34005775,144.1420476436615,45,1038.5563072437499,258.11277700273996
86,86,370.0,1402.35,24.0,expected,38.33,0.2292,62.44,0.6764403121002709,13127537.116283542,8879995.30404673,527836.510012962,369999.8897109699,96.39617343496614,0.0,0.0,0.6174145608050344,5.12513115869725,,,false,66054.65107672868,316.02152033,360.0489090264338,316.02152032999993,14.0235,17.34005775,152.00109100341797,48,1081.2128481538996,264.7012878670724
87,87,380.0,1402.35,24.0,expected,38.33,0.2292,62.44,0.6630582499059724,13754440.03732704,9119994.939586705,553043.23435584,379999.8747091418,97.97048430609536,0.0,0.0,0.6473912405608087,5.54511864366309,,,false,70007.86124200992,316.02152033,360.29909700532767,316.02152032999993,14.0235,17.34005775,162.83871841430664,52,1128.570058506873,271.99228898588757
88,88,390.0,1402.35,24.0,expected,38.33,0.2292,62.44,0.6454784848216789,14500862.075930687,9359994.481379885,583055.6221092568,389999.8544309268,100.1922300815853,0.0,0.0,0.6830405933923703,6.06003098519979,,,false,74835.34253100984,316.02152033,360.592224091524,316.02152032999993,14.0235,17.34005775,183.1176416873932,60,1184.5361340116406,280.58923445314235
89,89,400.0,1402.35,24.0,expected,38.33,0.2292,62.44,0.6145952375269756,15620027.981709927,9599994.807597019,628055.3946480778,399999.84917495726,104.54053399252294,0.0,0.0,0.736411561446692,6.861452924497489,,,false,82331.15782218004,316.02152033,361.02159417259753,316.02152032999993,14.0235,17.34005775,316.64754366874695,100,1267.6354259219684,293.34506083583767
90,90,410.0,1402.35,24.0,expected,38.33,0.2292,62.44,0.0,240179755.02652985,0.0,1183861.9330741384,,inf,,,1.5929834791430721,19.61084726454684,,,true,1955569.886136217,316.02152033,365.41387746915507,316.02152032999993,14.0235,17.34005775,112.40438389778137,37,,inf
91,91,420.0,1402.35,24.0,expected,38.33,0.2292,62.44,0.0,106762658.25597242,0.0,1119140.3259322008,,inf,,,1.4370724518603115,17.808735163470654,,,true,788837.0143535022,316.02152033,364.97187986402713,316.02152032999993,14.0235,17.34005775,87.73190379142761,29,,inf
92,92,430.0,1402.35,24.0,expected,38.33,0.2292,62.44,0.0,485456051.7402746,0.0,1241329.043999187,,inf,,,1.7377213437479733,21.294145299384322,,,true,4370495.460771418,316.02152033,365.79304766646646,316.02152032999993,14.0235,17.34005775,82.14135694503784,26,,inf
93,93,440.0,1402.35,24.0,expected,38.33,0.2292,62.44,0.0,89958438.50842464,0.0,1100825.9055942423,,inf,,,1.3997142103192828,17.320448876094364,,,true,650381.136694691,316.02152033,364.8444553789709,316.02152032999993,14.0235,17.34005775,72.44259452819824,24,,inf
94,94,450.0,1402.35,24.0,expected,38.33,0.2292,62.44,0.0,571928094.5004268,0.0,1239948.7830280096,,inf,,,1.7524135980775946,21.274927774146263,,,true,5206270.841978626,316.02152033,365.7857822053411,316.02152032999993,14.0235,17.34005775,69.45256567001343,23,,inf
95,95,460.0,1402.35,24.0,expected,38.33,0.2292,62.44,0.0,153721548.821562,0.0,1154794.9936663634,,inf,,,1.5142015424249267,18.781965352893604,,,true,1190046.7440241305,316.02152033,365.21652495497403,316.02152032999993,14.0235,17.34005775,66.85733914375305,22,,inf
96,96,470.0,1402.35,24.0,expected,38.33,0.2292,62.44,0.0,34605195.530571796,0.0,980151.3809142949,,inf,,,1.1796911293845769,14.275412707147293,,,true,222303.91221236708,316.02152033,363.9715620192716,316.02152032999993,14.0235,17.34005775,65.56216216087341,21,,inf
97,97,480.0,1402.35,24.0,expected,38.33,0.2292,62.44,0.0,23287657.414908677,0.0,902567.3289506175,,inf,,,1.0633041746914,12.464363294903333,,,true,141378.5840187705,316.02152033,363.3774057853262,316.02152032999993,14.0235,17.34005775,64.10142755508423,20,,inf
98,98,490.0,1402.35,24.0,expected,38.33,0.2292,62.44,0.0,35431673.93913202,0.0,996612.1037930257,,inf,,,1.2001300518061921,14.669406841179619,,,true,229959.1433129501,316.02152033,364.093320386833,316.02152032999993,14.0235,17.34005775,63.741485357284546,20,,inf
99,99,500.0,1402.35,24.0,expected,38.33,0.2292,62.44,0.0,209247368.4660494,0.0,1188358.0399829615,,inf,,,1.5855240484163091,19.719828577193127,,,true,1695076.35182039,316.02152033,365.44214009427503,316.02152032999993,14.0235,17.34005775,60.7440345287323,20,,inf
100,100,10.0,1402.35,48.0,expected,38.33,0.2292,62.44,0.8151301633194308,588863.1738532374,480000.1350757878,11838.595005492207,9999.995730880275,85.3569686172389,0.0,0.0,0.011296434157148214,0.004345615769263639,,,false,2411.014189477339,316.02152033,355.6385526613389,316.02152032999993,14.0235,17.34005775,75.45647144317627,24,25.875493083708914,52.238714826495354
101,101,20.0,1402.35,48.0,expected,38.33,0.2292,62.44,0.814582166029931,1178518.4924718097,960000.1463040158,23693.1172492621,19999.990434098494,85.38740413698424,0.0,0.0,0.02402088431008403,0.01593803578403434,,,false,4844.03355563311,316.02152033,355.6592714106261,316.02152032999993,14.0235,17.34005775,79.11637377738953,26,51.7694375564348,74.03337816237614
102,102,30.0,1402.35,48.0,expected,38.33,0.2292,62.44,0.8138632853251824,1769339.059735729,1440000.1000106893,35571.066075640774,29999.984143875794,85.42614064185305,0.0,0.0,0.03729979946587119,0.03433080696608258,,,false,7302.128405897461,316.02152033,355.68793927789824,316.02152032999993,14.0235,17.34005775,85.75880312919617,27,77.6893826539058,90.87731867113536
103,103,40.0,1402.35,48.0,expected,38.33,0.2292,62.44,0.8129802238040441,2361681.050025623,1919999.9886036008,47479.58631354481,39999.963427263305,85.47290003520203,0.0,0.0,0.05095215725333377,0.05938506853076051,,,false,9787.828662107699,316.02152033,355.72428636826925,316.02152032999993,14.0235,17.34005775,85.90462946891785,27,103.64252295018056,105.18578389535898
104,104,50.0,1402.35,48.0,expected,38.33,0.2292,62.44,0.8119365949278875,2955895.5259414753,2399999.7482954985,59425.78091409225,49999.964980641154,85.52764420205862,0.0,0.0,0.0648952393542795,0.09103438887498853,,,false,12303.523683147565,316.02152033,355.7680953156998,316.02152032999993,14.0235,17.34005775,85.25495219230652,28,129.6361444916075,117.89319477846566
105,105,60.0,1402.35,48.0,expected,38.33,0.2292,62.44,0.8107349121794404,3552332.007133663,2879999.5778357256,71416.64957640211,59999.97007510283,85.59044342226194,0.0,0.0,0.07908288031491857,0.12924172348908228,,,false,14851.563892094862,316.02152033,355.81915198264994,316.02152032999993,14.0235,17.34005775,92.55727338790894,29,155.6776124879287,129.47855480376973
106,106,70.0,1402.35,48.0,expected,38.33,0.2292,62.44,0.8093770097464352,4151339.8995601665,3359999.074347074,83459.1960078032,69999.95285040142,85.66143589708129,0.0,0.0,0.0934868038789241,0.1739850950149194,,,false,17434.305377077504,316.02152033,355.877250807112,316.02152032999993,14.0235,17.34005775,89.32847356796265,29,181.77451217529483,140.22650796639752
107,107,80.0,1402.35,48.0,expected,38.33,0.2292,62.44,0.8078643080519503,4753272.315914835,3839999.0504790293,95560.56019224944,79999.9645976874,85.74081283312428,0.0,0.0,0.1080890266991949,0.2252522737774125,,,false,20054.148683441814,316.02152033,355.9421854180911,316.02152032999993,14.0235,17.34005775,94.84069800376892,30,207.93482505968396,150.32278336469815
108,108,90.0,1402.35,48.0,expected,38.33,0.2292,62.44,0.8061979505933509,5358483.43741178,4319998.3655297905,107727.82416597746,89999.94928962889,85.82881095478922,0.0,0.0,0.12287783608486194,0.28303756801249014,,,false,22713.54144963804,316.02152033,356.0137439201371,316.02152032999993,14.0235,17.34005775,90.9330940246582,30,234.16674932881045,159.8967065637968
109,109,100.0,1402.35,48.0,expected,38.33,0.2292,62.44,0.8043788048626297,5967335.978024044,4799998.582216752,119968.30978508825,99999.96440033056,85.92571259412135,0.0,0.0,0.13784604926138536,0.347342239871074,,,false,25415.023609742926,316.02152033,356.0917096120535,316.02152032999993,14.0235,17.34005775,96.16955995559692,31,260.479055992207,169.04285889256744
110,110,110.0,1402.35,48.0,expected,38.33,0.2292,62.44,0.8024074943196376,6580195.044198765,5279997.817550029,132289.33444150613,109999.95168333831,86.03184457959378,0.0,0.0,0.15298948382829605,0.4181733173978188,,,false,28161.209576757727,316.02152033,356.17586008751493,316.02152032999993,14.0235,17.34005775,94.88042163848877,31,286.88085623349144,177.8330431075121
111,111,120.0,1402.35,48.0,expected,38.33,0.2292,62.44,0.8002843267098706,7197439.800245566,5759998.264574349,144698.53349096532,119999.96730644854,86.14758309536464,0.0,0.0,0.16830655677778014,0.4955457379352631,,,false,30954.85043908549,316.02152033,356.26597055620397,316.02152032999993,14.0235,17.34005775,97.50998377799988,32,313.381986099201,186.323549908054
112,112,130.0,1402.35,48.0,expected,38.33,0.2292,62.44,0.798009292159069,7819454.680927672,6239997.494997011,157203.63127990594,129999.95701814821,86.27335538498038,0.0,0.0,0.1837974838118284,0.5794817813851341,,,false,33798.80374853607,316.02152033,356.36181390177376,316.02152032999993,14.0235,17.34005775,99.7144558429718,32,339.99279501913753,194.559608968836
113,113,140.0,1402.35,48.0,expected,38.33,0.2292,62.44,0.7955819659918644,8446642.525980918,6719996.466850386,169812.7306714575,139999.94416377737,86.40964727861292,0.0,0.0,0.19946427098667585,0.6700137853016602,,,false,36696.103302432755,316.02152033,356.46316452728803,316.02152032999993,14.0235,17.34005775,100.47737956047058,32,366.72450034176234,202.5784625794741
114,114,150.0,1402.35,48.0,expected,38.33,0.2292,62.44,0.7930014511233576,9079425.221002469,7199997.37562097,182534.2995586855,149999.96313971328,86.55700944968976,0.0,0.0,0.2153104410803619,0.7671852968124706,,,false,39649.97363892732,316.02152033,356.56980015191976,316.02152032999993,14.0235,17.34005775,102.25824642181396,33,393.58921805730387,210.41139770767924
115,115,160.0,1402.35,48.0,expected,38.33,0.2292,62.44,0.7902663269852603,9718238.210706722,7679996.4155430095,195377.11416632764,159999.95273492605,86.7160642013454,0.0,0.0,0.23134076528872768,0.8710517928457411,,,false,42663.81724855624,316.02152033,356.6815029838024,316.02152032999993,14.0235,17.34005775,101.88999223709106,33,420.59995398149,218.08514342860843
116,116,170.0,1402.35,48.0,expected,38.33,0.2292,62.44,0.787374509904575,10363550.079354094,8159995.164602949,208350.58761511795,169999.93970133027,86.88751853751278,0.0,0.0,0.2475615319077457,0.9816845654927371,,,false,45741.319227377244,316.02152033,356.79806407091166,316.02152032999993,14.0235,17.34005775,101.7320704460144,33,447.77102026711935,225.62303535641206
117,117,180.0,1402.35,48.0,expected,38.33,0.2292,62.44,0.7843231639629862,11015862.99438274,8639996.517537046,221464.78591193483,179999.96019982803,87.07217590687094,0.0,0.0,0.2639804526237156,1.0991725250407083,,,false,48886.46692857394,316.02152033,356.9192849688944,316.02152032999993,14.0235,17.34005775,105.68640089035034,34,475.1181253078679,233.04578191475164
118,118,190.0,1402.35,48.0,expected,38.33,0.2292,62.44,0.781108612078749,11675707.104596147,9119995.371509086,234730.4180239478,189999.94925943055,87.27094957308162,0.0,0.0,0.28060655005386037,1.2236236930497204,,,false,52103.543332377245,316.02152033,357.0449788095708,316.02152032999993,14.0235,17.34005775,106.10018277168274,34,502.65845090403695,240.37201601215173
119,119,200.0,1402.35,48.0,expected,38.33,0.2292,62.44,0.7777261292251464,12343668.964048252,9599993.88384582,248159.25597959358,199999.93532062336,87.48488539848522,0.0,0.0,0.297450622418313,1.355170873717792,,,false,55397.2839983089,316.02152033,357.1749752155262,316.02152032999993,14.0235,17.34005775,102.9431517124176,34,530.4112132596998,247.61891821574648
120,120,210.0,1402.35,48.0,expected,38.33,0.2292,62.44,0.7741697882461875,13020393.945895303,10079995.62397571,261764.22933801022,209999.95647361022,87.71518439142841,0.0,0.0,0.3145252964206,1.4939748665966048,,,false,58772.91819479958,316.02152033,357.30912207037545,316.02152032999993,14.0235,17.34005775,105.97785949707031,35,558.3978976148533,254.80258644351753
121,121,220.0,1402.35,48.0,expected,38.33,0.2292,62.44,0.7704322881538426,13706583.163855132,10559994.229699844,275559.51273905556,219999.94396073426,87.96322966172194,0.0,0.0,0.33184507101246474,1.6402277098947078,,,false,62236.18840077717,316.02152033,357.4472868587059,316.02152032999993,14.0235,17.34005775,109.55126762390137,35,586.6425181022827,261.93831616632184
122,122,230.0,1402.35,48.0,expected,38.33,0.2292,62.44,0.7665046004758664,14403039.236424463,11039995.835553762,289561.1618104179,229999.96129204368,88.23062986015088,0.0,0.0,0.34942709272151573,1.794162156849559,,,false,65793.61245788506,316.02152033,357.5893632599712,316.02152032999993,14.0235,17.34005775,112.13947772979736,36,615.1725143597213,269.0411046647585
123,123,240.0,1402.35,48.0,expected,38.33,0.2292,62.44,0.7623757291364092,15110652.178836817,11519994.472567389,303787.1513815443,239999.9492609094,88.51926115213135,0.0,0.0,0.36729113405549024,1.956055608398611,,,false,69452.46926982273,316.02152033,357.73527154886057,316.02152032999993,14.0235,17.34005775,110.87721300125122,36,644.0190593327374,276.1257930984776
124,124,250.0,1402.35,48.0,expected,38.33,0.2292,62.44,0.7580322008065261,15830452.350417582,11999992.634949883,318258.16240402753,249999.93292410954,88.83133528267525,0.0,0.0,0.3854605651595945,2.1262429666661,,,false,73221.12268781931,316.02152033,357.88496627383154,316.02152032999993,14.0235,17.34005775,109.54977321624756,36,673.2182565889768,283.20755755034776
125,125,260.0,1402.35,48.0,expected,38.33,0.2292,62.44,0.7534575296924148,16563633.667406406,12479994.505774142,332998.13568748516,259999.95099199182,89.16948055083289,0.0,0.0,0.40396300285130216,2.3051283046405318,,,false,77109.22269819923,316.02152033,358.038441300446,316.02152032999993,14.0235,17.34005775,114.87664675712585,37,702.8121936879837,290.3022321204341
126,126,270.0,1402.35,48.0,expected,38.33,0.2292,62.44,0.7486315345437362,17311577.083504923,12959992.517396467,348034.9456141503,269999.9330673235,89.5368477121806,0.0,0.0,0.4228311000199683,2.4931992115591814,,,false,81127.93118996677,316.02152033,358.1957356314687,316.02152032999993,14.0235,17.34005775,112.0950927734375,37,732.8502742378654,297.42665005374715
127,127,280.0,1402.35,48.0,expected,38.33,0.2292,62.44,0.7435292173060686,18075946.259342242,13439994.174275296,363401.926485046,279999.9481522733,89.93726925708165,0.0,0.0,0.44210445233874623,2.691053720958385,,,false,85290.54613859911,316.02152033,358.35694762367484,316.02152032999993,14.0235,17.34005775,117.7389223575592,38,763.3916974003337,304.5993837876065
128,128,290.0,1402.35,48.0,expected,38.33,0.2292,62.44,0.7381195073703403,18858723.59167355,13919991.767119493,379139.04939738614,289999.92576793546,90.37545897619829,0.0,0.0,0.4618309892018581,2.89942591220842,,,false,89612.88013708172,316.02152033,358.5222448274659,316.02152032999993,14.0235,17.34005775,116.12273168563843,38,794.5078678576652,311.8412332325766
129,129,300.0,1402.35,48.0,expected,38.33,0.2292,62.44,0.7323631372619811,19662367.507249873,14399993.153607557,395295.61925981776,299999.93768604944,90.85732388211132,0.0,0.0,0.4820703381351179,3.1192351500362707,,,false,94114.33206442995,316.02152033,358.6918887414267,316.02152032999993,14.0235,17.34005775,119.50994658470154,39,826.2869516574198,319.17642068365507
130,130,310.0,1402.35,48.0,expected,38.33,0.2292,62.44,0.7262099047490348,20489929.477164607,14879989.733926151,411933.1144070833,309999.90443164913,91.39039401304868,0.0,0.0,0.5028972718408826,3.351643510391958,,,false,98818.87205927774,316.02152033,358.8662594880731,316.02152032999993,14.0235,17.34005775,119.58316397666931,39,858.8393225531084,326.6337354645666
131,131,320.0,1402.35,48.0,expected,38.33,0.2292,62.44,0.7195940849974651,21345354.107829444,15359990.558170414,429130.6998187138,319999.91013509757,91.9845150420779,0.0,0.0,0.5244085623888236,3.5981588295095457,,,false,103757.16424673331,316.02152033,359.0459061084325,316.02152032999993,14.0235,17.34005775,123.72916531562805,40,892.3071735796484,334.24885265028286
132,132,330.0,1402.35,48.0,expected,38.33,0.2292,62.44,0.712427626891541,22233824.194539834,15839990.607639743,446992.64769594016,329999.9080165651,92.65291352821467,0.0,0.0,0.5467320955929023,3.8607794725636175,,,false,108969.23695666918,316.02152033,359.2316127343604,316.02152032999993,14.0235,17.34005775,126.5877788066864,41,926.8782772888678,342.06732657023815
133,133,340.0,1402.35,48.0,expected,38.33,0.2292,62.44,0.7045883622421864,23162445.68338931,16319989.669582872,465661.81982029247,339999.8953221718,93.41402648610998,0.0,0.0,0.5700435586500019,4.14225053129003,,,false,114509.4977643681,316.02152033,359.4245210200882,316.02152032999993,14.0235,17.34005775,129.07627773284912,42,962.8102086521575,350.15010443633514
134,134,350.0,1402.35,48.0,expected,38.33,0.2292,62.44,0.6958990547034853,24141420.663771503,16799991.819117777,485343.2614906771,349999.91386328347,94.29478821604931,0.0,0.0,0.594595604117585,4.446513696714663,,,false,120455.40374193637,316.02152033,359.626344394351,316.02152032999993,14.0235,17.34005775,135.38591051101685,44,1000.4731191212654,358.5831040544991
135,135,360.0,1402.35,48.0,expected,38.33,0.2292,62.44,0.6860864421284192,25186318.689654514,17279991.780097574,506350.0623546447,359999.9095879807,95.33711064289893,0.0,0.0,0.6207745372074456,4.779580116242298,,,false,126924.23340267022,316.02152033,359.8397854967713,316.02152032999993,14.0235,17.34005775,138.7995743751526,46,1040.433137887571,367.4958129422308
136,136,370.0,1402.35,48.0,expected,38.33,0.2292,62.44,0.674689575902833,26323205.2442478,17759992.182644777,529206.2092398258,369999.9097172682,96.61247423157718,0.0,0.0,0.6492275452334104,5.151478812727045,,,false,134110.6944333901,316.02152033,360.0694761728608,316.02152032999993,14.0235,17.34005775,149.74174642562866,49,1083.6389820565837,377.1030226503158
137,137,380.0,1402.35,48.0,expected,38.33,0.2292,62.44,0.6608125643272569,27602365.92060686,18239990.205495503,554922.6882128869,379999.88041588897,98.2616474224279,0.0,0.0,0.6812042150377314,5.5814751978133055,,,false,142387.41415831132,316.02152033,360.32450628127526,316.02152032999993,14.0235,17.34005775,162.59149050712585,53,1131.924117744823,387.8168584148906
138,138,390.0,1402.35,48.0,expected,38.33,0.2292,62.44,0.6421776396851434,29150798.612890434,18719991.04816293,586052.6182340404,389999.88301433605,100.64818441098632,0.0,0.0,0.7198619671009163,6.1179422120917515,,,false,152687.7917993635,316.02152033,360.6281153955785,316.02152032999993,14.0235,17.34005775,187.88546013832092,63,1189.9267590842073,400.6751692513026
139,139,400.0,1402.35,48.0,expected,38.33,0.2292,62.44,0.6032347450620941,31828386.823233154,19199988.811050765,639883.3024732703,399999.835064201,106.31332635500367,0.0,0.0,0.7865912168540344,7.085586542079983,,,false,171268.74523975252,316.02152033,361.13931721028547,316.02152032999993,14.0235,17.34005775,472.99002981185913,155,1289.131891824569,422.70346346464993
140,140,410.0,1402.35,48.0,expected,38.33,0.2292,62.44,0.0,1296331183.4724464,0.0,1259727.4592742731,,inf,,,1.8638671660276602,21.951880708220973,,,true,12880167.66970208,316.02152033,365.91867972170235,316.02152032999993,14.0235,17.34005775,106.8736629486084,35,,inf
141,141,420.0,1402.35,48.0,expected,38.33,0.2292,62.44,0.0,72601920.84287506,0.0,966058.7400140384,,inf,,,1.2212301934189034,13.97791754285151,,,true,476685.898609195,316.02152033,363.8739224376388,316.02152032999993,14.0235,17.34005775,85.19552278518677,28,,inf
142,142,430.0,1402.35,48.0,expected,38.33,0.2292,62.44,0.0,55318136.924680844,0.0,919379.0800756199,,inf,,,1.1456967408405654,12.879629137740489,,,true,349641.62629365845,316.02152033,363.51649184510245,316.02152032999993,14.0235,17.34005775,73.42655730247498,25,,inf
143,143,440.0,1402.35,48.0,expected,38.33,0.2292,62.44,0.0,46145202.26845557,0.0,895245.6785459213,,inf,,,1.1044383756434701,12.324950779527137,,,true,285845.3682319159,316.02152033,363.3270536399684,316.02152032999993,14.0235,17.34005775,66.6464364528656,23,,inf
144,144,450.0,1402.35,48.0,expected,38.33,0.2292,62.44,0.0,47972903.64582134,0.0,895285.4264515163,,inf,,,1.107280307889877,12.327280005069843,,,true,297583.4658099111,316.02152033,363.32775147050216,316.02152032999993,14.0235,17.34005775,66.15540337562561,22,,inf
145,145,460.0,1402.35,48.0,expected,38.33,0.2292,62.44,0.0,10.823029868556198,0.0,1490057.4659939844,,inf,,,0.0,26.073453988362573,,,true,0.04416162293089529,316.02152033,367.02952408169784,316.02152032999993,14.0235,17.34005775,66.33317637443542,22,,-inf
146,146,470.0,1402.35,48.0,expected,38.33,0.2292,62.44,0.0,86321046.45752245,0.0,1014902.4001817681,,inf,,,1.293219641002982,15.161258348253366,,,true,588564.8249502844,316.02152033,364.2357995292595,316.02152032999993,14.0235,17.34005775,59.80340576171875,21,,inf
147,147,480.0,1402.35,48.0,expected,38.33,0.2292,62.44,0.0,48720394.36785234,0.0,912855.2601841916,,inf,,,1.1287590539983043,12.725593261539391,,,true,305369.17065180565,316.02152033,363.46479886180293,316.02152032999993,14.0235,17.34005775,57.59955310821533,20,,inf
148,148,490.0,1402.35,48.0,expected,38.33,0.2292,62.44,0.0,79588917.79418574,0.0,1005037.7288904707,,inf,,,1.2748503249144705,14.916482820361207,,,true,537353.3958540643,316.02152033,364.16313434941515,316.02152032999993,14.0235,17.34005775,57.19454264640808,20,,inf
149,149,500.0,1402.35,48.0,expected,38.33,0.2292,62.44,0.0,9830236986.378176,0.0,1333598.4428514782,,inf,,,2.199298727020524,24.516897614379804,,,true,135435252.0493223,316.02152033,366.3937322827663,316.02152032999993,14.0235,17.34005775,58.067113399505615,20,,inf
150,150,10.0,1402.35,72.0,expected,38.33,0.2292,62.44,0.8151212525034646,883304.6650575185,720000.4049238377,11838.724423980837,9999.995731107378,85.35755037192385,0.0,0.0,0.011709930516587886,0.004345688906183612,,,false,3617.01686836488,316.02152033,355.6387882767615,316.02152032999993,14.0235,17.34005775,70.14128017425537,24,25.875669439718855,63.983345375629085
151,151,20.0,1402.35,72.0,expected,38.33,0.2292,62.44,0.8145643282672699,1767816.7409141923,1440000.4560624033,23693.636092890058,19999.990433382518,85.38857352786009,0.0,0.0,0.024848406757470888,0.015938583033617747,,,false,7268.049812300297,316.02152033,355.65974017947354,316.02152032999993,14.0235,17.34005775,79.0775191783905,26,51.77014654424649,90.68409928429497
152,152,30.0,1402.35,72.0,expected,38.33,0.2292,62.44,0.8138366483373785,2654095.808416703,2160000.4370881342,35572.23031794973,29999.984140772518,85.42790617125794,0.0,0.0,0.03854205213550449,0.0343326068107992,,,false,10957.737100245191,316.02152033,355.68862174496985,316.02152032999993,14.0235,17.34005775,83.14435148239136,27,77.69098828123754,111.32394201277798
153,153,40.0,1402.35,72.0,expected,38.33,0.2292,62.44,0.8129446450683618,3542676.9231878184,2880000.233912797,47481.68591969792,39999.9816655298,85.4752725650512,0.0,0.0,0.052610039436187944,0.05938934687715893,,,false,14689.914142655394,316.02152033,355.7251902171092,316.02152032999993,14.0235,17.34005775,83.92543506622314,28,103.64542345565067,128.86055933187663
154,154,50.0,1402.35,72.0,expected,38.33,0.2292,62.44,0.8118920269875256,4434087.204928038,3600000.048648476,59429.04300945862,49999.9649646406,85.53063696270449,0.0,0.0,0.06696975407252696,0.0910426381414292,,,false,18468.207852926356,316.02152033,355.7692167089746,316.02152032999993,14.0235,17.34005775,85.0990617275238,28,129.64068066445566,144.43818566896792
155,155,60.0,1402.35,72.0,expected,38.33,0.2292,62.44,0.8106812876015469,5328850.858995061,4319999.675806725,71421.3735904267,59999.970056537,85.59407261524068,0.0,0.0,0.08157527929274697,0.12925604718040895,,,false,22296.188830860596,316.02152033,355.820487047451,316.02152032999993,14.0235,17.34005775,87.7465078830719,29,155.68421348231544,158.64336109530788
156,156,70.0,1402.35,72.0,expected,38.33,0.2292,62.44,0.8093142458819627,6227493.284799457,5039999.031522458,83465.668384451,69999.95281408905,85.66572051712451,0.0,0.0,0.09639849744689168,0.174008040884949,,,false,26177.445579926625,316.02152033,355.8787954145236,316.02152032999993,14.0235,17.34005775,87.08915734291077,29,181.78360413915374,171.8246388583981
157,157,80.0,1402.35,72.0,expected,38.33,0.2292,62.44,0.8077923027689204,7130544.354966882,5759998.844494624,95569.07826280121,79999.9645631206,85.74577499059657,0.0,0.0,0.11142161610202587,0.22528693283873796,,,false,30115.63332143146,316.02152033,355.94393532907094,316.02152032999993,14.0235,17.34005775,90.38948559761047,30,207.94685901947378,184.2094475312574
158,158,90.0,1402.35,72.0,expected,38.33,0.2292,62.44,0.8061165795245165,8038536.912117555,6479997.879977773,107738.69836435805,89999.94923098436,85.83447614492898,0.0,0.0,0.12663311787110157,0.2830876281830568,,,false,34114.48841014193,316.02152033,356.0156948587522,316.02152032999993,14.0235,17.34005775,91.06851077079773,30,234.18220559106186,195.95616518143342
159,159,100.0,1402.35,72.0,expected,38.33,0.2292,62.44,0.8042879180943407,8952015.696492046,7199998.067279448,119981.86647664895,99999.96434982092,85.93211003214549,0.0,0.0,0.1420260280367435,0.347412048813712,,,false,38177.88711189504,316.02152033,356.09385734608486,316.02152032999993,14.0235,17.34005775,95.14260077476501,31,260.4984494067515,207.1806264432535
160,160,110.0,1402.35,72.0,expected,38.33,0.2292,62.44,0.8023069128502125,9871530.234949177,7919996.947909607,132305.91884203083,109999.95160410412,86.0390075831204,0.0,0.0,0.1575963790573611,0.41826795273814765,,,false,42309.82810933475,316.02152033,356.178200506882,316.02152032999993,14.0235,17.34005775,93.71080923080444,31,286.90474180406443,217.97078750679282
161,161,120.0,1402.35,72.0,expected,38.33,0.2292,62.44,0.8001738381867406,10797650.58854455,8639997.514835011,144718.5134805515,119999.96724187816,86.155549556053,0.0,0.0,0.17334281965574705,0.4956710901069114,,,false,46514.519124230974,316.02152033,356.26849975988415,316.02152032999993,14.0235,17.34005775,98.01228141784668,32,313.410965879236,228.39561370682821
162,162,130.0,1402.35,72.0,expected,38.33,0.2292,62.44,0.7978886462730653,11730955.703278627,9359996.365578279,157227.40136124974,129999.95692140875,86.28216830937664,0.0,0.0,0.18926580809320245,0.5796446460268521,,,false,50796.33859865591,316.02152033,356.36452828165295,316.02152032999993,14.0235,17.34005775,97.07275342941284,32,340.02752555522807,238.5105382347671
163,163,140.0,1402.35,72.0,expected,38.33,0.2292,62.44,0.7954508689558485,12672052.05860006,10079994.821467167,169840.71707394847,139999.94402130225,86.41935544984058,0.0,0.0,0.20536761373759863,0.6702219730053737,,,false,55159.9368709513,316.02152033,356.46606086120033,316.02152032999993,14.0235,17.34005775,97.51064157485962,32,366.76570185373026,248.3612205034547
164,164,150.0,1402.35,72.0,expected,38.33,0.2292,62.44,0.7928595593587353,13621575.20064326,10799996.111353891,182566.96613356602,149999.96302810393,86.56766821266375,0.0,0.0,0.22165204434312552,0.7674477603129688,,,false,59610.261280093226,316.02152033,356.57287570002484,316.02152032999993,14.0235,17.34005775,99.67259001731873,33,393.63768509117165,257.98603780851965
165,165,160.0,1402.35,72.0,expected,38.33,0.2292,62.44,0.7901132399603097,14580181.767615229,11519994.655620703,195414.96892447412,159999.95257374036,86.72773638963781,0.0,0.0,0.23812417664330546,0.8713787722325945,,,false,64152.53899254561,316.02152033,356.68475558617104,316.02152032999993,14.0235,17.34005775,100.70501780509949,33,420.6565675228203,267.4177978022922
166,166,170.0,1402.35,72.0,expected,38.33,0.2292,62.44,0.7872097613763743,15548578.477826722,12239992.753271803,208394.1912788432,169999.93947030127,86.90027561724126,0.0,0.0,0.2547906378609284,0.9820877657123878,,,false,68792.4340352764,316.02152033,356.801492261595,316.02152032999993,14.0235,17.34005775,99.38543367385864,33,447.8367630143124,276.68516374136937
167,167,180.0,1402.35,72.0,expected,38.33,0.2292,62.44,0.7841462116917307,16527523.25530738,12959994.749296263,221514.76195330036,179999.96002018236,87.0860993561916,0.0,0.0,0.27165951444892883,1.0996653258319815,,,false,73536.08030898633,316.02152033,356.92288809927487,316.02152032999993,14.0235,17.34005775,102.73838257789612,34,475.19409977873386,285.8135957986648
168,168,190.0,1402.35,72.0,expected,38.33,0.2292,62.44,0.7809188257812637,17517816.891038235,13679992.996800765,234787.46411865327,189999.94900279716,87.28613254494323,0.0,0.0,0.2887402406600176,1.224221394317482,,,false,78390.07350901728,316.02152033,357.04875717975744,316.02152032999993,14.0235,17.34005775,103.36894702911377,34,502.74590061694033,294.8260276775602
169,169,200.0,1402.35,72.0,expected,38.33,0.2292,62.44,0.7775227754498226,18520345.8629596,14399990.71765899,248224.15924640425,199999.9349543658,87.50143481003533,0.0,0.0,0.3060440816137289,1.3558910051128703,,,false,83361.71039308819,316.02152033,357.17893023945277,316.02152032999993,14.0235,17.34005775,103.3334903717041,34,530.5115500312733,303.7436328839799
170,170,210.0,1402.35,72.0,expected,38.33,0.2292,62.44,0.7739520120010007,19536086.34459431,15119993.333024042,261837.88474646583,209999.95618405537,87.73322350769182,0.0,0.0,0.32358419296643115,1.4948375641870189,,,false,88459.05500578735,316.02152033,357.31325646630467,316.02152032999993,14.0235,17.34005775,106.1813793182373,35,558.5127348678518,312.5862809348864
171,171,220.0,1402.35,72.0,expected,38.33,0.2292,62.44,0.7701990905699481,20566099.57404006,15839991.18849665,275642.9449458316,219999.94354331787,87.98290130165601,0.0,0.0,0.3413756710462539,1.6412561709300677,,,false,93690.97097824892,316.02152033,357.45160486676696,316.02152032999993,14.0235,17.34005775,106.14726305007935,35,586.7737112322437,321.37288259360497
172,172,230.0,1402.35,72.0,expected,38.33,0.2292,62.44,0.7662548097515166,21611601.53317755,16559993.621230548,289655.55516979325,229999.96095347137,88.25210054764344,0.0,0.0,0.35943635956528314,1.7953832376708012,,,false,99067.52526083864,316.02152033,357.5938709368058,316.02152032999993,14.0235,17.34005775,108.30039858818054,36,615.3222144907487,330.1220162924815
173,173,240.0,1402.35,72.0,expected,38.33,0.2292,62.44,0.7621079646815108,22673941.6434222,17279991.517175842,303893.88549849176,239999.94876312092,88.54272635697075,0.0,0.0,0.3777868348109806,1.9575005537812922,,,false,104599.9706874125,316.02152033,357.73997710749666,316.02152032999993,14.0235,17.34005775,108.24060773849487,36,644.1897790135673,338.85210491409106
174,174,250.0,1402.35,72.0,expected,38.33,0.2292,62.44,0.7577448258047681,23754683.718136452,17999988.676046666,318378.86098698736,249999.93218497947,88.85702634269857,0.0,0.0,0.3964514199517427,2.127948382938502,,,false,110301.24771823929,316.02152033,357.8898805493725,316.02152032999993,14.0235,17.34005775,108.88300514221191,36,673.4129581788372,347.58203047285593
175,175,260.0,1402.35,72.0,expected,38.33,0.2292,62.44,0.753148589042731,24855641.771393612,18719991.529876664,333134.73030874494,259999.9503556081,89.19767381784666,0.0,0.0,0.41545886992525266,2.307137430808117,,,false,116186.30075967248,316.02152033,358.0435783525984,316.02152032999993,14.0235,17.34005775,111.7876329421997,37,703.0344053123512,356.3315415902515
176,176,270.0,1402.35,72.0,expected,38.33,0.2292,62.44,0.7482986728513498,25978916.104070067,19439988.44279219,348189.75887085334,269999.93208651926,89.56787679187629,0.0,0.0,0.43484320555796513,2.495563586644063,,,false,122272.43348422092,316.02152033,358.2011135235851,316.02152032999993,14.0235,17.34005775,111.43373227119446,37,733.1042428655686,365.1216852244098
177,177,280.0,1402.35,72.0,expected,38.33,0.2292,62.44,0.7431695645602017,27127040.6344679,20159990.976124406,363577.7916427996,279999.94725278666,89.97154205335373,0.0,0.0,0.4546457162580338,2.693835532392237,,,false,128580.28390798705,316.02152033,358.3625895486755,316.02152032999993,14.0235,17.34005775,115.98909950256348,38,763.6826052521685,373.9757451607342
178,178,290.0,1402.35,72.0,expected,38.33,0.2292,62.44,0.7377295219029034,28303038.714093816,20879987.218947798,379339.4715062419,289999.9243038341,90.4134814507134,0.0,0.0,0.4749164382953445,2.9027011884926037,,,false,135134.4245723923,316.02152033,358.52818061214515,316.02152032999993,14.0235,17.34005775,116.76426267623901,38,794.8421286643902,382.91986773214927
179,179,300.0,1402.35,72.0,expected,38.33,0.2292,62.44,0.7319383762208006,29510666.519619215,21599989.333563633,395525.0166636321,299999.9362191545,90.89973480347001,0.0,0.0,0.4957177081564347,3.1230984700426876,,,false,141965.04655576125,316.02152033,358.69815711120236,316.02152032999993,14.0235,17.34005775,118.93703413009644,39,826.6726487680108,391.9845891409735
180,180,310.0,1402.35,72.0,expected,38.33,0.2292,62.44,0.7257446610959596,30754605.332929414,22319990.62448685,412197.2382044516,309999.9429485805,91.43801888565498,0.0,0.0,0.5171279287782218,3.3562158395772097,,,false,149109.57717897528,316.02152033,358.8729120614146,316.02152032999993,14.0235,17.34005775,121.15097498893738,40,859.2869296830509,401.20635308804907
181,181,320.0,1402.35,72.0,expected,38.33,0.2292,62.44,0.7190809676885873,32040877.460746095,23039985.170064747,429436.9122758335,319999.9071922335,92.0384375601306,0.0,0.0,0.539248387126994,3.6035943556300127,,,false,156615.76513615032,316.02152033,359.0530096855926,316.02152032999993,14.0235,17.34005775,122.83104276657104,40,892.8302515348589,410.6302898773286
182,182,330.0,1402.35,72.0,expected,38.33,0.2292,62.44,0.7118565559095661,33377490.108279686,23759985.153385587,447351.2325525604,329999.9043386166,92.71462102943771,0.0,0.0,0.5622139757807058,3.8672887975207235,,,false,164546.49351853092,316.02152033,359.2392620048369,316.02152032999993,14.0235,17.34005775,125.30225729942322,41,927.4955796635536,420.3145263223571
183,183,340.0,1402.35,72.0,expected,38.33,0.2292,62.44,0.7039452152943889,34775410.07738986,24479983.533878867,466087.25631310686,339999.890146426,93.48562866948356,0.0,0.0,0.5862101927791465,4.150126592165342,,,false,172987.25548656835,316.02152033,359.43285012126876,316.02152032999993,14.0235,17.34005775,128.416898727417,42,963.5481987657784,430.3369545502141
184,184,350.0,1402.35,72.0,expected,38.33,0.2292,62.44,0.6951629260681857,36250475.73308298,25199986.781973727,485857.1981267915,349999.9082913064,94.37944699146219,0.0,0.0,0.611505238324297,4.456188372859124,,,false,182060.41931501203,316.02152033,359.63555470312116,316.02152032999993,14.0235,17.34005775,136.19258165359497,44,1001.3713456201783,440.80803214862226
185,185,360.0,1402.35,72.0,expected,38.33,0.2292,62.44,0.6852240511938354,37827023.74954917,25919986.45827151,506987.3198214498,359999.901753325,95.43992814366807,0.0,0.0,0.6385119805949873,4.791738777643868,,,false,191952.49423433727,316.02152033,359.8502014850281,316.02152032999993,14.0235,17.34005775,140.43653988838196,46,1041.5551946996109,451.8954256668081
186,186,370.0,1402.35,72.0,expected,38.33,0.2292,62.44,0.6736418488123995,39546216.92504724,26639986.68292503,530029.276853323,369999.89842919365,96.74264046279923,0.0,0.0,0.6679292025064967,5.167335679996195,,,false,202976.24473914623,316.02152033,360.08168016910145,316.02152032999993,14.0235,17.34005775,150.75271558761597,49,1085.0989550493555,463.8801794924317
187,187,380.0,1402.35,72.0,expected,38.33,0.2292,62.44,0.6594538102466678,41488860.668060504,27359987.25034561,556066.0882228183,379999.89702331333,98.43902907188323,0.0,0.0,0.7011297173440886,5.603612416301586,,,false,215740.58525929032,316.02152033,360.33975041726075,316.02152032999993,14.0235,17.34005775,166.99564743041992,54,1133.9674887566962,477.3110473732796
188,188,390.0,1402.35,72.0,expected,38.33,0.2292,62.44,0.6401195027459791,43866785.093545474,28079984.661145054,587936.8930886971,389999.8669947697,100.93528406255719,0.0,0.0,0.7417142859165656,6.154340747231277,,,false,231828.37586473976,316.02152033,360.6503055794256,316.02152032999993,14.0235,17.34005775,198.11107683181763,64,1193.321008997485,493.6226142068954
189,189,400.0,1402.35,72.0,expected,38.33,0.2292,62.44,0.0,104711395.45566843,0.0,955375.3484556786,,inf,,,1.2366589036661249,13.743336137044368,,,true,693277.457039867,316.02152033,363.7972467677166,316.02152032999993,14.0235,17.34005775,376.2874336242676,120,,inf
190,190,410.0,1402.35,72.0,expected,38.33,0.2292,62.44,0.0,1929456663.0963771,0.0,1230231.2014696123,,inf,,,1.8616044427607261,21.14792638043221,,,true,19154783.463192657,316.02152033,365.7346736965894,316.02152032999993,14.0235,17.34005775,105.11021089553833,34,,inf
191,191,420.0,1402.35,72.0,expected,38.33,0.2292,62.44,0.0,377228369.0728253,0.0,1116664.0051722017,,inf,,,1.5475486183055274,17.847920714631183,,,true,2986120.9992494164,316.02152033,364.96707187012726,316.02152032999993,14.0235,17.34005775,87.00493121147156,28,,inf
192,192,430.0,1402.35,72.0,expected,38.33,0.2292,62.44,0.0,108019889.08444925,0.0,974016.4107635308,,inf,,,1.2617486910943096,14.18652679099937,,,true,724591.6727318229,316.02152033,363.9372437538404,316.02152032999993,14.0235,17.34005775,76.67615461349487,25,,inf
193,193,440.0,1402.35,72.0,expected,38.33,0.2292,62.44,0.0,71587990.74577433,0.0,889537.4288140133,,inf,,,1.1292613726796883,12.212756088516365,,,true,448989.1439593652,316.02152033,363.28657471474503,316.02152032999993,14.0235,17.34005775,71.25784254074097,23,,inf
194,194,450.0,1402.35,72.0,expected,38.33,0.2292,62.44,0.0,76398515.39103392,0.0,910379.1875865253,,inf,,,1.1588121459234304,12.686985143743252,,,true,486172.9016865482,316.02152033,363.4500432210944,316.02152032999993,14.0235,17.34005775,68.14725685119629,22,,inf
195,195,460.0,1402.35,72.0,expected,38.33,0.2292,62.44,0.0,68533505.3651832,0.0,889776.5681601418,,inf,,,1.1264244914500114,12.21653395465983,,,true,429221.54529378045,316.02152033,363.2880277123178,316.02152032999993,14.0235,17.34005775,65.00397109985352,21,,inf
196,196,470.0,1402.35,72.0,expected,38.33,0.2292,62.44,0.0,156444772.83239934,0.0,1037730.7910007766,,inf,,,1.3701129611679113,15.760318663724258,,,true,1113284.7276028926,316.02152033,364.40625215892703,316.02152032999993,14.0235,17.34005775,65.66056561470032,21,,inf
197,197,480.0,1402.35,72.0,expected,38.33,0.2292,62.44,0.0,75512897.01882476,0.0,921041.9572994844,,inf,,,1.1706740548323575,12.930497712057917,,,true,483360.37886265584,316.02152033,363.5323813514999,316.02152032999993,14.0235,17.34005775,62.72290897369385,20,,inf
198,198,490.0,1402.35,72.0,expected,38.33,0.2292,62.44,0.0,135804653.94671515,0.0,1029819.1162506364,,inf,,,1.3485547772497015,15.555051863786494,,,true,954723.4876077606,316.02152033,364.3480745919498,316.02152032999993,14.0235,17.34005775,62.11254072189331,20,,inf
199,199,500.0,1402.35,72.0,expected,38.33,0.2292,62.44,0.0,66403265.670917384,0.0,891342.5909475592,,inf,,,1.1260187340469754,12.250575031137892,,,true,415784.6684430169,316.02152033,363.3000278141085,316.02152032999993,14.0235,17.34005775,59.1511595249176,19,,inf
200,200,10.0,1402.35,168.0,expected,38.33,0.2292,62.44,0.8151026314650863,2061091.1153857608,1680000.7918402434,11838.9986705147,9999.998932899676,85.35876622445653,0.0,0.0,0.012574018839129071,0.0043458443878481474,,,false,8442.117850225037,316.02152033,355.63928053584027,316.02152032999993,14.0235,17.34005775,81.59561467170715,26,25.876042161179555,97.74972042566242
201,201,20.0,1402.35,168.0,expected,38.33,0.2292,62.44,0.8145270732872221,4125095.3207170945,3360001.8186145094,23694.725461261412,19999.995214824332,85.39101786059904,0.0,0.0,0.0265777000634135,0.015939734551612093,,,false,16968.538738069496,316.02152033,355.66071709599936,316.02152032999993,14.0235,17.34005775,84.4986162185669,27,51.771634704699416,138.56089445799387
202,202,30.0,1402.35,168.0,expected,38.33,0.2292,62.44,0.81378098380153,6193315.115488522,5040002.067675135,35574.6729334798,29999.992060336637,85.43159706228163,0.0,0.0,0.04113803666895876,0.034336389061270255,,,false,25590.24080426709,316.02152033,355.69004694076006,316.02152032999993,14.0235,17.34005775,86.21044135093689,28,77.6943551557856,170.1217457119497
203,203,40.0,1402.35,168.0,expected,38.33,0.2292,62.44,0.8128702980777712,8267005.829032663,6720003.492456453,47486.028703269454,39999.981664825114,85.48023284756448,0.0,0.0,0.05607454769900629,0.05939819132955639,,,false,34316.39032274368,316.02152033,355.7270771142799,316.02152032999993,14.0235,17.34005775,87.46095585823059,28,103.65143818351386,196.949043710533
204,204,50.0,1402.35,168.0,expected,38.33,0.2292,62.44,0.8117988876987325,10347393.297965158,8400002.369869435,59435.88216845778,49999.98241839063,85.53689517932324,0.0,0.0,0.07130503292592665,0.09105996695764582,,,false,43155.64180676202,316.02152033,355.7715575032723,316.02152032999993,14.0235,17.34005775,89.16639423370361,29,129.65018901083113,220.78999211848284
205,205,60.0,1402.35,168.0,expected,38.33,0.2292,62.44,0.810569221276032,12435708.754002381,10080002.760747245,71431.24802809878,59999.97004032239,85.6016626511726,0.0,0.0,0.08678387113527933,0.12928603989783685,,,false,52116.587423967634,316.02152033,355.823273144927,316.02152032999993,14.0235,17.34005775,89.1081440448761,29,155.69801872533654,242.54022026705994
206,206,70.0,1402.35,168.0,expected,38.33,0.2292,62.44,0.8091830760712382,14533179.144188054,11760002.604988454,83479.19825009744,69999.95277510317,85.67468263327869,0.0,0.0,0.1024834015653232,0.17405610305211744,,,false,61207.85481815792,316.02152033,355.88201809610456,316.02152032999993,14.0235,17.34005775,87.24961996078491,29,181.80262179789062,262.73193277447297
207,207,80.0,1402.35,168.0,expected,38.33,0.2292,62.44,0.8076418193173943,16641042.13034629,13440001.541490285,95586.84333479332,79999.92958934634,85.75615561506851,0.0,0.0,0.11838615827016591,0.22535936129826503,,,false,70438.24850892521,316.02152033,355.94758533553335,316.02152032999993,14.0235,17.34005775,87.95915579795837,29,207.97198819070812,281.7124045015463
208,208,90.0,1402.35,168.0,expected,38.33,0.2292,62.44,0.8059465084452134,18760549.18812795,15119999.114686405,107761.43332366446,89999.94915260008,85.84632972799707,0.0,0.0,0.13448119428569016,0.28319254852115255,,,false,79816.82057226759,316.02152033,356.01976358346786,316.02152032999993,14.0235,17.34005775,91.71628594398499,30,234.2145456203506,299.72353849879005
209,209,100.0,1402.35,168.0,expected,38.33,0.2292,62.44,0.804097954670404,20892972.782610893,16799996.68148184,120010.1695303406,99999.92938755993,85.94549763602822,0.0,0.0,0.15076176442923825,0.3475581686597659,,,false,89352.93915718974,316.02152033,356.09833528713256,316.02152032999993,14.0235,17.34005775,92.05890202522278,30,260.53898764390345,316.94225565272734
210,210,110.0,1402.35,168.0,expected,38.33,0.2292,62.44,0.8020966651552287,23039611.88074778,18479995.85601858,132340.59907443638,109999.95148419749,86.05400030764369,0.0,0.0,0.16722457319529455,0.4184664172540458,,,false,99056.36322385324,316.02152033,356.18307952267077,316.02152032999993,14.0235,17.34005775,95.7880277633667,31,286.9547362243011,333.50301066263563
211,211,120.0,1402.35,168.0,expected,38.33,0.2292,62.44,0.7999428706721314,25201790.594359063,20159992.71412951,144760.25960323485,119999.9353639945,86.17222670868536,0.0,0.0,0.1838685448286459,0.4959337942787957,,,false,108937.26214525854,316.02152033,356.27377101247544,316.02152032999993,14.0235,17.34005775,96.66743564605713,31,313.47159128646535,349.5111771607352
212,212,130.0,1402.35,168.0,expected,38.33,0.2292,62.44,0.7976364150475572,27380888.178481556,21839993.48750207,157277.12013765657,129999.9567622843,86.30062155320896,0.0,0.0,0.20069486437437384,0.579986401537275,,,false,119006.40054692312,316.02152033,356.3701847365735,316.02152032999993,14.0235,17.34005775,98.57358527183533,32,340.1002473354325,365.05163522818384
213,213,140.0,1402.35,168.0,expected,38.33,0.2292,62.44,0.7951767590984473,29578316.82449592,23519990.112089742,169899.26353012526,139999.9437793762,86.4396875168346,0.0,0.0,0.21770620517502148,0.6706589653501893,,,false,129275.0699886352,316.02152033,356.4720954175588,316.02152032999993,14.0235,17.34005775,99.78988146781921,32,366.8519912895884,380.19423510123454
214,214,150.0,1402.35,168.0,expected,38.33,0.2292,62.44,0.7925628432511448,31795575.972326316,25199992.09543473,182635.3144944593,149999.9628329489,86.58999613785085,0.0,0.0,0.2349070332090875,0.7679988452049575,,,false,139755.3912342998,316.02152033,356.57928258024236,316.02152032999993,14.0235,17.34005775,102.87596392631531,33,393.7392136501831,394.99781295632636
215,215,160.0,1402.35,168.0,expected,38.33,0.2292,62.44,0.7897930690128803,34034217.08238586,26879988.760948125,195494.1870382094,159999.95228506267,86.75219310665074,0.0,0.0,0.2523030780570494,0.8720655290051472,,,false,150460.19840253482,316.02152033,356.69153024693895,316.02152032999993,14.0235,17.34005775,102.02573776245117,33,420.7751898475678,409.5127317717211
216,216,170.0,1402.35,168.0,expected,38.33,0.2292,62.44,0.786865147395786,36295907.167407155,28559984.343145594,208485.45868882287,169999.9390477292,86.92701240073485,0.0,0.0,0.26990169012667237,0.9829348743823799,,,false,161403.39768469176,316.02152033,356.80863163323573,316.02152032999993,14.0235,17.34005775,105.54047632217407,33,447.9745492998529,423.78305276845737
217,217,180.0,1402.35,168.0,expected,38.33,0.2292,62.44,0.7837760049034583,38582436.972551525,30239988.309785917,221619.39126612383,179999.95968466217,87.11528877493835,0.0,0.0,0.2877117566945798,1.100701014455314,,,false,172600.07670404945,316.02152033,356.93039084686666,316.02152032999993,14.0235,17.34005775,106.57515788078308,34,475.3533743482143,437.8479935571884
218,218,190.0,1402.35,168.0,expected,38.33,0.2292,62.44,0.7805216889826454,40895704.23316321,31919984.140203267,234906.9255927495,189999.9485154129,87.31797203032059,0.0,0.0,0.305743594431958,1.2254779641924423,,,false,184066.50634541258,316.02152033,357.05662398405644,316.02152032999993,14.0235,17.34005775,104.72238945960999,34,502.929287301404,451.74297165113234
219,219,200.0,1402.35,168.0,expected,38.33,0.2292,62.44,0.7770971516554203,43237809.589657515,33599978.67594227,248360.11319619147,199999.9342482675,87.53615113570395,0.0,0.0,0.32400946920340246,1.3574054911887095,,,false,195820.6967255537,316.02152033,357.18716414646684,316.02152032999993,14.0235,17.34005775,106.25937724113464,34,530.7220303486032,465.50077084231464
220,220,210.0,1402.35,168.0,expected,38.33,0.2292,62.44,0.7734960850101734,45611070.44207224,35279984.42006612,261992.220901402,209999.9556169482,87.77107834162898,0.0,0.0,0.34252367229229835,1.4966525410870168,,,false,207882.5865800952,316.02152033,357.3218632936579,316.02152032999993,14.0235,17.34005775,110.71082901954651,35,558.7537192953431,479.152257384144
221,221,220.0,1402.35,168.0,expected,38.33,0.2292,62.44,0.7697107368701722,48018011.74333003,36959979.20199914,275817.8294145176,219999.94271562685,88.02419811163017,0.0,0.0,0.3613025859344845,1.6434207297554784,,,false,220274.14251356258,316.02152033,357.4605936711847,316.02152032999993,14.0235,17.34005775,106.834632396698,35,587.0491259427365,492.72691882002897
222,222,230.0,1402.35,168.0,expected,38.33,0.2292,62.44,0.7657315360162511,50461529.843426205,38639984.75673664,289853.4946309903,229999.96027302218,88.29719354476731,0.0,0.0,0.38036555567880403,1.7979542677359717,,,false,233020.33704005342,316.02152033,357.60325464342435,316.02152032999993,14.0235,17.34005775,109.50381374359131,36,615.6366165537853,506.2538399230152
223,223,240.0,1402.35,168.0,expected,38.33,0.2292,62.44,0.7615468303009977,52944845.90091041,40319979.57661309,304117.80387725704,239999.94775215085,88.59203182296464,0.0,0.0,0.39973489391598,1.9605443142650933,,,false,246149.14719751585,316.02152033,357.7497732431972,316.02152032999993,14.0235,17.34005775,110.87442183494568,36,644.5484979998608,519.7619928381819
224,224,250.0,1402.35,168.0,expected,38.33,0.2292,62.44,0.7571423403333732,55471699.72274706,41999972.55035084,318632.2045990157,249999.93066909947,88.91103761094618,0.0,0.0,0.41943698571824956,2.1315425995512545,,,false,259692.79482312597,316.02152033,357.90011224504065,316.02152032999993,14.0235,17.34005775,111.55590915679932,36,673.8222866011288,533.2812135854252
225,225,260.0,1402.35,168.0,expected,38.33,0.2292,62.44,0.7525005776421568,58046439.538709275,43679979.28294926,333421.60560928023,259999.94903560504,89.25698112030132,0.0,0.0,0.4395030542677273,2.311374043009474,,,false,273688.5664402983,316.02152033,358.0542756456184,316.02152032999993,14.0235,17.34005775,114.97736287117004,37,703.5018492829889,546.8428679594497
226,226,270.0,1402.35,168.0,expected,38.33,0.2292,62.44,0.7476000979051348,60674111.32243818,45359971.564961836,348515.1128428363,269999.9300339105,89.63319389952825,0.0,0.0,0.45997009553909296,2.500552363807016,,,false,288179.7338427187,316.02152033,358.21231504951663,316.02152032999993,14.0235,17.34005775,112.98841643333435,37,733.638854164758,560.4805606946691
227,227,280.0,1402.35,168.0,expected,38.33,0.2292,62.44,0.7424142764174122,63360820.378525995,47039977.614537,363947.67159728863,279999.94534995133,90.04374347619198,0.0,0.0,0.4808830927379866,2.6997091763470933,,,false,303218.0242264111,316.02152033,358.3743449880213,316.02152032999993,14.0235,17.34005775,118.14543795585632,38,764.2954516676023,574.2316745592442
228,228,290.0,1402.35,168.0,expected,38.33,0.2292,62.44,0.7369099150029861,66113872.417110495,48719968.10341116,379761.37685265916,289999.9211791813,90.49365450203743,0.0,0.0,0.5022966934220362,2.909622303372349,,,false,318865.20140066993,316.02152033,358.5405539788303,316.02152032999993,14.0235,17.34005775,118.05698299407959,38,795.5469409363238,588.1384265499227
229,229,300.0,1402.35,168.0,expected,38.33,0.2292,62.44,0.7310448845982721,68942378.51159476,50399973.14293919,396008.42779347405,299999.9330530813,90.9892560549722,0.0,0.0,0.5242791861474045,3.1312698782934687,,,false,335197.39318618824,316.02152033,358.7112317172185,316.02152032999993,14.0235,17.34005775,122.80165934562683,39,827.4867806612324,602.250418026134
230,230,310.0,1402.35,168.0,expected,38.33,0.2292,62.44,0.7247650130298995,71857740.39887638,52079976.15649078,412754.3910972757,309999.93952514546,91.53866842935136,0.0,0.0,0.5469167889445739,3.3658957287637286,,,false,352309.3401354413,316.02152033,358.88679775776285,316.02152032999993,14.0235,17.34005775,123.50969934463501,40,860.2327769805669,616.6272189876086
231,231,320.0,1402.35,168.0,expected,38.33,0.2292,62.44,0.717998994980882,74874725.08698589,53759977.3619257,430084.0883521217,319999.94113377447,92.15258088182314,0.0,0.0,0.570321516582219,3.615120981236296,,,false,370322.60955608357,316.02152033,359.06785500200226,316.02152032999993,14.0235,17.34005775,124.30565643310547,41,893.9375603587787,631.343170728893
232,232,330.0,1402.35,168.0,expected,38.33,0.2292,62.44,0.7106503712702266,78013012.90817827,55439976.58710586,448110.5649806267,329999.937174708,92.84549709793103,0.0,0.0,0.5946431228648607,3.88111636224313,,,false,389397.80943030975,316.02152033,359.25527080933006,316.02152032999993,14.0235,17.34005775,131.16521334648132,42,928.8048797283058,646.4945559221813
233,233,340.0,1402.35,168.0,expected,38.33,0.2292,62.44,0.7025838336918971,81299868.03684258,57119972.96397019,466990.4310585805,339999.92471561563,93.63787347721406,0.0,0.0,0.6200895522362491,4.166895458270902,,,false,409755.47557600966,316.02152033,359.4503164073145,316.02152032999993,14.0235,17.34005775,133.83169078826904,43,965.1174217479994,662.2118368152173
234,234,350.0,1402.35,168.0,expected,38.33,0.2292,62.44,0.6936001254567754,84775019.13679327,58799963.908880346,486951.89989462955,349999.89518997946,94.56006625430265,0.0,0.0,0.6469643335600495,4.476849257985895,,,false,431714.1176460234,316.02152033,359.65492253976333,316.02152032999993,14.0235,17.34005775,136.85035347938538,44,1003.2877075804286,678.6819753141668
235,235,360.0,1402.35,168.0,expected,38.33,0.2292,62.44,0.6833851907107876,88500544.40745413,60479961.417896576,508351.4999030943,359999.8826004053,95.66038556298507,0.0,0.0,0.6757422423632065,4.817823879526457,,,false,455766.9518246727,316.02152033,359.8721982347893,316.02152032999993,14.0235,17.34005775,143.50078654289246,46,1043.961063232104,696.1935372444298
236,236,370.0,1402.35,168.0,expected,38.33,0.2292,62.44,0.6713917892000377,92583753.61112964,62159971.98783179,531805.6000220735,369999.91016105644,97.02400429744579,0.0,0.0,0.707244788372127,5.201613636281864,,,false,482759.1007741485,316.02152033,360.10763690733467,316.02152032999993,14.0235,17.34005775,148.93525624275208,50,1088.2548465012508,715.2412467752703
237,237,380.0,1402.35,168.0,expected,38.33,0.2292,62.44,0.6564946972190744,97243690.08475424,63839966.87865624,558572.5103232916,379999.8870876556,98.82850436308368,0.0,0.0,0.7431501416772761,5.652180027774283,,,false,514400.6305530253,316.02152033,360.3726297742151,316.02152032999993,14.0235,17.34005775,170.72957682609558,55,1138.454030903273,736.8298015148022
238,238,390.0,1402.35,168.0,expected,38.33,0.2292,62.44,0.6354406800575885,103109490.9035212,65519965.02012524,592265.9461078859,389999.8710567316,101.59601618528637,0.0,0.0,0.7882803158158853,6.237904570334468,,,false,555558.6512987075,316.02152033,360.7002661869452,316.02152032999993,14.0235,17.34005775,197.4896159172058,68,1201.1326098866393,763.836697369099
239,239,400.0,1402.35,168.0,expected,38.33,0.2292,62.44,0.0,1919685474.0572145,0.0,1175559.0231363394,,inf,,,1.7808252935302478,19.59838445216387,,,true,17895632.24258444,316.02152033,365.3780861723993,316.02152032999993,14.0235,17.34005775,174.22255897521973,57,,inf
240,240,410.0,1402.35,168.0,expected,38.33,0.2292,62.44,0.0,612510737.6728563,0.0,1083347.7605492945,,inf,,,1.5460676286545425,17.015403111918143,,,true,4848093.5701289475,316.02152033,364.74147133990397,316.02152032999993,14.0235,17.34005775,94.67483425140381,32,,inf
241,241,420.0,1402.35,168.0,expected,38.33,0.2292,62.44,0.0,262043340.28801334,0.0,967882.4112007819,,inf,,,1.323263061117948,14.08497393512372,,,true,1818448.4549694113,316.02152033,363.89993640554036,316.02152032999993,14.0235,17.34005775,80.28806042671204,27,,inf
242,242,430.0,1402.35,168.0,expected,38.33,0.2292,62.44,0.0,3005409337.9799414,0.0,1217330.7856608597,,inf,,,1.8870319717887978,20.83206442728199,,,true,30494687.77600068,316.02152033,365.6554071199222,316.02152032999993,14.0235,17.34005775,78.24321627616882,25,,inf
243,243,440.0,1402.35,168.0,expected,38.33,0.2292,62.44,0.0,204960232.91336697,0.0,936752.1514211067,,inf,,,1.2646162803283765,13.337475128439177,,,true,1377998.9965464198,316.02152033,363.66247121380115,316.02152032999993,14.0235,17.34005775,69.20883822441101,23,,inf
244,244,450.0,1402.35,168.0,expected,38.33,0.2292,62.44,0.0,213101036.92586622,0.0,945385.7785364825,,inf,,,1.2785415349249285,13.541616678818638,,,true,1443361.4651210906,316.02152033,363.72852259901396,316.02152032999993,14.0235,17.34005775,68.5166654586792,22,,inf
245,245,460.0,1402.35,168.0,expected,38.33,0.2292,62.44,0.0,174474081.956886,0.0,912439.8824545551,,inf,,,1.221896091134889,12.767430070569684,,,true,1147108.0451184148,316.02152033,363.47400558809494,316.02152032999993,14.0235,17.34005775,62.71651315689087,21,,inf
246,246,470.0,1402.35,168.0,expected,38.33,0.2292,62.44,0.0,876309972.1800209,0.0,1133010.5793276327,,inf,,,1.6464035871821958,18.356908789428687,,,true,7410139.952606605,316.02152033,365.0861228257974,316.02152032999993,14.0235,17.34005775,63.94489669799805,21,,inf
247,247,480.0,1402.35,168.0,expected,38.33,0.2292,62.44,0.0,191317129.1619811,0.0,939066.8559110096,,inf,,,1.26234914790697,13.388477520086862,,,true,1284638.57105916,316.02152033,363.6794619679192,316.02152032999993,14.0235,17.34005775,62.12158823013306,20,,inf
248,248,490.0,1402.35,168.0,expected,38.33,0.2292,62.44,0.0,455141588.28555614,0.0,1074503.7565120084,,inf,,,1.5083006164724424,16.764441545070785,,,true,3517263.190638811,316.02152033,364.67690773338165,316.02152032999993,14.0235,17.34005775,60.7292697429657,20,,inf
249,249,500.0,1402.35,168.0,expected,38.33,0.2292,62.44,0.0,161008799.03947756,0.0,903827.0454614599,,inf,,,1.20520948928034,12.56710204906701,,,true,1049516.0297900694,316.02152033,363.40630556848265,316.02152032999993,14.0235,17.34005775,55.21657657623291,19,,inf
